2026-02-05 09:26:07 [SpringApplicationShutdownHook] INFO  o.s.b.w.e.tomcat.GracefulShutdown - Commencing graceful shutdown. Waiting for active requests to complete
2026-02-05 09:26:07 [tomcat-shutdown] INFO  o.s.b.w.e.tomcat.GracefulShutdown - Graceful shutdown complete
2026-02-05 09:27:07 [background-preinit] INFO  o.h.validator.internal.util.Version - HV000001: Hibernate Validator 8.0.3.Final
2026-02-05 09:27:07 [main] INFO  c.c.ChatsphereBackendApplication - Starting ChatsphereBackendApplication using Java 25.0.1 with PID 16964 (D:\Project\ChatSphere\chatsphere-backend\target\classes started by hetpr in D:\Project\ChatSphere\chatsphere-backend)
2026-02-05 09:27:07 [main] DEBUG c.c.ChatsphereBackendApplication - Running with Spring Boot v3.5.10, Spring v6.2.15
2026-02-05 09:27:07 [main] INFO  c.c.ChatsphereBackendApplication - The following 1 profile is active: "dev"
2026-02-05 09:27:08 [main] INFO  o.s.d.r.c.RepositoryConfigurationDelegate - Bootstrapping Spring Data MongoDB repositories in DEFAULT mode.
2026-02-05 09:27:08 [main] INFO  o.s.d.r.c.RepositoryConfigurationDelegate - Finished Spring Data repository scanning in 54 ms. Found 3 MongoDB repository interfaces.
2026-02-05 09:27:09 [main] INFO  o.s.b.w.e.tomcat.TomcatWebServer - Tomcat initialized with port 4040 (http)
2026-02-05 09:27:09 [main] INFO  o.a.coyote.http11.Http11NioProtocol - Initializing ProtocolHandler ["http-nio-4040"]
2026-02-05 09:27:09 [main] INFO  o.a.catalina.core.StandardService - Starting service [Tomcat]
2026-02-05 09:27:09 [main] INFO  o.a.catalina.core.StandardEngine - Starting Servlet engine: [Apache Tomcat/10.1.50]
2026-02-05 09:27:09 [main] INFO  o.a.c.c.C.[Tomcat].[localhost].[/] - Initializing Spring embedded WebApplicationContext
2026-02-05 09:27:09 [main] INFO  o.s.b.w.s.c.ServletWebServerApplicationContext - Root WebApplicationContext: initialization completed in 1340 ms
2026-02-05 09:27:09 [main] DEBUG c.c.security.JwtAuthenticationFilter - Filter 'jwtAuthenticationFilter' configured for use
2026-02-05 09:27:09 [main] INFO  org.mongodb.driver.client - MongoClient with metadata {"driver": {"name": "mongo-java-driver|sync", "version": "5.5.2"}, "os": {"type": "Windows", "name": "Windows 11", "architecture": "amd64", "version": "10.0"}, "platform": "Java/Oracle Corporation/25.0.1+8-LTS-27"} created with settings MongoClientSettings{readPreference=primary, writeConcern=WriteConcern{w=null, wTimeout=null ms, journal=null}, retryWrites=true, retryReads=true, readConcern=ReadConcern{level=null}, credential=null, transportSettings=null, commandListeners=[], codecRegistry=ProvidersCodecRegistry{codecProviders=[ValueCodecProvider{}, BsonValueCodecProvider{}, DBRefCodecProvider{}, DBObjectCodecProvider{}, DocumentCodecProvider{}, CollectionCodecProvider{}, IterableCodecProvider{}, MapCodecProvider{}, GeoJsonCodecProvider{}, GridFSFileCodecProvider{}, Jsr310CodecProvider{}, JsonObjectCodecProvider{}, BsonCodecProvider{}, EnumCodecProvider{}, com.mongodb.client.model.mql.ExpressionCodecProvider@c2df90e, com.mongodb.Jep395RecordCodecProvider@41f3aaf1, com.mongodb.KotlinCodecProvider@741741d0]}, loggerSettings=LoggerSettings{maxDocumentLength=1000}, clusterSettings={hosts=[localhost:27017], srvServiceName=mongodb, mode=SINGLE, requiredClusterType=UNKNOWN, requiredReplicaSetName='null', serverSelector='null', clusterListeners='[]', serverSelectionTimeout='30000 ms', localThreshold='15 ms'}, socketSettings=SocketSettings{connectTimeoutMS=10000, readTimeoutMS=0, receiveBufferSize=0, proxySettings=ProxySettings{host=null, port=null, username=null, password=null}}, heartbeatSocketSettings=SocketSettings{connectTimeoutMS=10000, readTimeoutMS=10000, receiveBufferSize=0, proxySettings=ProxySettings{host=null, port=null, username=null, password=null}}, connectionPoolSettings=ConnectionPoolSettings{maxSize=100, minSize=0, maxWaitTimeMS=120000, maxConnectionLifeTimeMS=0, maxConnectionIdleTimeMS=0, maintenanceInitialDelayMS=0, maintenanceFrequencyMS=60000, connectionPoolListeners=[], maxConnecting=2}, serverSettings=ServerSettings{heartbeatFrequencyMS=10000, minHeartbeatFrequencyMS=500, serverMonitoringMode=AUTO, serverListeners='[]', serverMonitorListeners='[]'}, sslSettings=SslSettings{enabled=false, invalidHostNameAllowed=false, context=null}, applicationName='null', compressorList=[], uuidRepresentation=UNSPECIFIED, serverApi=null, autoEncryptionSettings=null, dnsClient=null, inetAddressResolver=null, contextProvider=null, timeoutMS=null}
2026-02-05 09:27:09 [cluster-ClusterId{value='69841515fc4a1f695ce39e97', description='null'}-localhost:27017] INFO  org.mongodb.driver.cluster - Monitor thread successfully connected to server with description ServerDescription{address=localhost:27017, type=STANDALONE, cryptd=false, state=CONNECTED, ok=true, minWireVersion=0, maxWireVersion=27, maxDocumentSize=16777216, logicalSessionTimeoutMinutes=30, roundTripTimeNanos=16699400, minRoundTripTimeNanos=0}
2026-02-05 09:27:09 [main] INFO  o.s.s.c.a.a.c.InitializeUserDetailsBeanManagerConfigurer$InitializeUserDetailsManagerConfigurer - Global AuthenticationManager configured with UserDetailsService bean with name customUserDetailsService
2026-02-05 09:27:10 [main] INFO  o.a.coyote.http11.Http11NioProtocol - Starting ProtocolHandler ["http-nio-4040"]
2026-02-05 09:27:10 [main] INFO  o.s.b.w.e.tomcat.TomcatWebServer - Tomcat started on port 4040 (http) with context path '/'
2026-02-05 09:27:10 [main] INFO  c.c.ChatsphereBackendApplication - Started ChatsphereBackendApplication in 2.913 seconds (process running for 3.265)
2026-02-05 09:27:39 [http-nio-4040-exec-1] INFO  o.a.coyote.http11.Http11Processor - Error parsing HTTP request header
 Note: further occurrences of HTTP request parsing errors will be logged at DEBUG level.
java.lang.IllegalArgumentException: Invalid character found in method name [0x160x030x010x06-0x010x000x06)0x030x030x0c0x9e-0xca0xa9c0x81Va_a0xbb0xef0xcd0xd10x10M0x100xec0xbc0x90|0xa90x180xb30xe9h\50xb00xa50xff ]. HTTP method names must be tokens
	at org.apache.coyote.http11.Http11InputBuffer.parseRequestLine(Http11InputBuffer.java:402)
	at org.apache.coyote.http11.Http11Processor.service(Http11Processor.java:272)
	at org.apache.coyote.AbstractProcessorLight.process(AbstractProcessorLight.java:63)
	at org.apache.coyote.AbstractProtocol$ConnectionHandler.process(AbstractProtocol.java:903)
	at org.apache.tomcat.util.net.NioEndpoint$SocketProcessor.doRun(NioEndpoint.java:1774)
	at org.apache.tomcat.util.net.SocketProcessorBase.run(SocketProcessorBase.java:52)
	at org.apache.tomcat.util.threads.ThreadPoolExecutor.runWorker(ThreadPoolExecutor.java:973)
	at org.apache.tomcat.util.threads.ThreadPoolExecutor$Worker.run(ThreadPoolExecutor.java:491)
	at org.apache.tomcat.util.threads.TaskThread$WrappingRunnable.run(TaskThread.java:63)
	at java.base/java.lang.Thread.run(Thread.java:1474)
2026-02-05 09:31:30 [SpringApplicationShutdownHook] INFO  o.s.b.w.e.tomcat.GracefulShutdown - Commencing graceful shutdown. Waiting for active requests to complete
2026-02-05 09:31:31 [tomcat-shutdown] INFO  o.s.b.w.e.tomcat.GracefulShutdown - Graceful shutdown complete
2026-02-05 09:36:09 [background-preinit] INFO  o.h.validator.internal.util.Version - HV000001: Hibernate Validator 8.0.3.Final
2026-02-05 09:36:09 [main] INFO  c.c.ChatsphereBackendApplication - Starting ChatsphereBackendApplication using Java 25.0.1 with PID 6708 (D:\Project\ChatSphere\chatsphere-backend\target\classes started by hetpr in D:\Project\ChatSphere\chatsphere-backend)
2026-02-05 09:36:09 [main] DEBUG c.c.ChatsphereBackendApplication - Running with Spring Boot v3.5.10, Spring v6.2.15
2026-02-05 09:36:09 [main] INFO  c.c.ChatsphereBackendApplication - The following 1 profile is active: "dev"
2026-02-05 09:36:09 [main] INFO  o.s.d.r.c.RepositoryConfigurationDelegate - Bootstrapping Spring Data MongoDB repositories in DEFAULT mode.
2026-02-05 09:36:09 [main] INFO  o.s.d.r.c.RepositoryConfigurationDelegate - Finished Spring Data repository scanning in 50 ms. Found 3 MongoDB repository interfaces.
2026-02-05 09:36:10 [main] INFO  o.s.b.w.e.tomcat.TomcatWebServer - Tomcat initialized with port 4040 (http)
2026-02-05 09:36:10 [main] INFO  o.a.coyote.http11.Http11NioProtocol - Initializing ProtocolHandler ["http-nio-4040"]
2026-02-05 09:36:10 [main] INFO  o.a.catalina.core.StandardService - Starting service [Tomcat]
2026-02-05 09:36:10 [main] INFO  o.a.catalina.core.StandardEngine - Starting Servlet engine: [Apache Tomcat/10.1.50]
2026-02-05 09:36:10 [main] INFO  o.a.c.c.C.[Tomcat].[localhost].[/] - Initializing Spring embedded WebApplicationContext
2026-02-05 09:36:10 [main] INFO  o.s.b.w.s.c.ServletWebServerApplicationContext - Root WebApplicationContext: initialization completed in 1163 ms
2026-02-05 09:36:10 [main] DEBUG c.c.security.JwtAuthenticationFilter - Filter 'jwtAuthenticationFilter' configured for use
2026-02-05 09:36:10 [main] INFO  org.mongodb.driver.client - MongoClient with metadata {"driver": {"name": "mongo-java-driver|sync", "version": "5.5.2"}, "os": {"type": "Windows", "name": "Windows 11", "architecture": "amd64", "version": "10.0"}, "platform": "Java/Oracle Corporation/25.0.1+8-LTS-27"} created with settings MongoClientSettings{readPreference=primary, writeConcern=WriteConcern{w=null, wTimeout=null ms, journal=null}, retryWrites=true, retryReads=true, readConcern=ReadConcern{level=null}, credential=null, transportSettings=null, commandListeners=[], codecRegistry=ProvidersCodecRegistry{codecProviders=[ValueCodecProvider{}, BsonValueCodecProvider{}, DBRefCodecProvider{}, DBObjectCodecProvider{}, DocumentCodecProvider{}, CollectionCodecProvider{}, IterableCodecProvider{}, MapCodecProvider{}, GeoJsonCodecProvider{}, GridFSFileCodecProvider{}, Jsr310CodecProvider{}, JsonObjectCodecProvider{}, BsonCodecProvider{}, EnumCodecProvider{}, com.mongodb.client.model.mql.ExpressionCodecProvider@498a612d, com.mongodb.Jep395RecordCodecProvider@1e1237ab, com.mongodb.KotlinCodecProvider@4dfdfe7d]}, loggerSettings=LoggerSettings{maxDocumentLength=1000}, clusterSettings={hosts=[localhost:27017], srvServiceName=mongodb, mode=SINGLE, requiredClusterType=UNKNOWN, requiredReplicaSetName='null', serverSelector='null', clusterListeners='[]', serverSelectionTimeout='30000 ms', localThreshold='15 ms'}, socketSettings=SocketSettings{connectTimeoutMS=10000, readTimeoutMS=0, receiveBufferSize=0, proxySettings=ProxySettings{host=null, port=null, username=null, password=null}}, heartbeatSocketSettings=SocketSettings{connectTimeoutMS=10000, readTimeoutMS=10000, receiveBufferSize=0, proxySettings=ProxySettings{host=null, port=null, username=null, password=null}}, connectionPoolSettings=ConnectionPoolSettings{maxSize=100, minSize=0, maxWaitTimeMS=120000, maxConnectionLifeTimeMS=0, maxConnectionIdleTimeMS=0, maintenanceInitialDelayMS=0, maintenanceFrequencyMS=60000, connectionPoolListeners=[], maxConnecting=2}, serverSettings=ServerSettings{heartbeatFrequencyMS=10000, minHeartbeatFrequencyMS=500, serverMonitoringMode=AUTO, serverListeners='[]', serverMonitorListeners='[]'}, sslSettings=SslSettings{enabled=false, invalidHostNameAllowed=false, context=null}, applicationName='null', compressorList=[], uuidRepresentation=UNSPECIFIED, serverApi=null, autoEncryptionSettings=null, dnsClient=null, inetAddressResolver=null, contextProvider=null, timeoutMS=null}
2026-02-05 09:36:10 [cluster-ClusterId{value='6984173253502e428e536fd2', description='null'}-localhost:27017] INFO  org.mongodb.driver.cluster - Monitor thread successfully connected to server with description ServerDescription{address=localhost:27017, type=STANDALONE, cryptd=false, state=CONNECTED, ok=true, minWireVersion=0, maxWireVersion=27, maxDocumentSize=16777216, logicalSessionTimeoutMinutes=30, roundTripTimeNanos=22841100, minRoundTripTimeNanos=0}
2026-02-05 09:36:11 [main] INFO  o.s.s.c.a.a.c.InitializeUserDetailsBeanManagerConfigurer$InitializeUserDetailsManagerConfigurer - Global AuthenticationManager configured with UserDetailsService bean with name customUserDetailsService
2026-02-05 09:36:11 [main] INFO  o.a.coyote.http11.Http11NioProtocol - Starting ProtocolHandler ["http-nio-4040"]
2026-02-05 09:36:11 [main] INFO  o.s.b.w.e.tomcat.TomcatWebServer - Tomcat started on port 4040 (http) with context path '/'
2026-02-05 09:36:11 [main] INFO  c.c.ChatsphereBackendApplication - Started ChatsphereBackendApplication in 3.008 seconds (process running for 3.273)
2026-02-05 09:36:38 [http-nio-4040-exec-1] INFO  o.a.c.c.C.[Tomcat].[localhost].[/] - Initializing Spring DispatcherServlet 'dispatcherServlet'
2026-02-05 09:36:38 [http-nio-4040-exec-1] INFO  o.s.web.servlet.DispatcherServlet - Initializing Servlet 'dispatcherServlet'
2026-02-05 09:36:38 [http-nio-4040-exec-1] INFO  o.s.web.servlet.DispatcherServlet - Completed initialization in 0 ms
2026-02-05 09:36:38 [http-nio-4040-exec-5] INFO  o.a.coyote.http11.Http11Processor - Error parsing HTTP request header
 Note: further occurrences of HTTP request parsing errors will be logged at DEBUG level.
java.lang.IllegalArgumentException: Invalid character found in the request target [/ws/chat?token=[object%20Object] ]. The valid characters are defined in RFC 7230 and RFC 3986
	at org.apache.coyote.http11.Http11InputBuffer.parseRequestLine(Http11InputBuffer.java:477)
	at org.apache.coyote.http11.Http11Processor.service(Http11Processor.java:272)
	at org.apache.coyote.AbstractProcessorLight.process(AbstractProcessorLight.java:63)
	at org.apache.coyote.AbstractProtocol$ConnectionHandler.process(AbstractProtocol.java:903)
	at org.apache.tomcat.util.net.NioEndpoint$SocketProcessor.doRun(NioEndpoint.java:1774)
	at org.apache.tomcat.util.net.SocketProcessorBase.run(SocketProcessorBase.java:52)
	at org.apache.tomcat.util.threads.ThreadPoolExecutor.runWorker(ThreadPoolExecutor.java:973)
	at org.apache.tomcat.util.threads.ThreadPoolExecutor$Worker.run(ThreadPoolExecutor.java:491)
	at org.apache.tomcat.util.threads.TaskThread$WrappingRunnable.run(TaskThread.java:63)
	at java.base/java.lang.Thread.run(Thread.java:1474)
2026-02-05 09:40:21 [SpringApplicationShutdownHook] INFO  o.s.b.w.e.tomcat.GracefulShutdown - Commencing graceful shutdown. Waiting for active requests to complete
2026-02-05 09:40:21 [tomcat-shutdown] INFO  o.s.b.w.e.tomcat.GracefulShutdown - Graceful shutdown complete
2026-02-05 09:40:45 [background-preinit] INFO  o.h.validator.internal.util.Version - HV000001: Hibernate Validator 8.0.3.Final
2026-02-05 09:40:45 [main] INFO  c.c.ChatsphereBackendApplication - Starting ChatsphereBackendApplication using Java 25.0.1 with PID 488 (D:\Project\ChatSphere\chatsphere-backend\target\classes started by hetpr in D:\Project\ChatSphere\chatsphere-backend)
2026-02-05 09:40:45 [main] DEBUG c.c.ChatsphereBackendApplication - Running with Spring Boot v3.5.10, Spring v6.2.15
2026-02-05 09:40:45 [main] INFO  c.c.ChatsphereBackendApplication - The following 1 profile is active: "dev"
2026-02-05 09:40:45 [main] INFO  o.s.d.r.c.RepositoryConfigurationDelegate - Bootstrapping Spring Data MongoDB repositories in DEFAULT mode.
2026-02-05 09:40:45 [main] INFO  o.s.d.r.c.RepositoryConfigurationDelegate - Finished Spring Data repository scanning in 49 ms. Found 3 MongoDB repository interfaces.
2026-02-05 09:40:46 [main] INFO  o.s.b.w.e.tomcat.TomcatWebServer - Tomcat initialized with port 4040 (http)
2026-02-05 09:40:46 [main] INFO  o.a.coyote.http11.Http11NioProtocol - Initializing ProtocolHandler ["http-nio-4040"]
2026-02-05 09:40:46 [main] INFO  o.a.catalina.core.StandardService - Starting service [Tomcat]
2026-02-05 09:40:46 [main] INFO  o.a.catalina.core.StandardEngine - Starting Servlet engine: [Apache Tomcat/10.1.50]
2026-02-05 09:40:46 [main] INFO  o.a.c.c.C.[Tomcat].[localhost].[/] - Initializing Spring embedded WebApplicationContext
2026-02-05 09:40:46 [main] INFO  o.s.b.w.s.c.ServletWebServerApplicationContext - Root WebApplicationContext: initialization completed in 1383 ms
2026-02-05 09:40:46 [main] DEBUG c.c.security.JwtAuthenticationFilter - Filter 'jwtAuthenticationFilter' configured for use
2026-02-05 09:40:46 [main] INFO  org.mongodb.driver.client - MongoClient with metadata {"driver": {"name": "mongo-java-driver|sync", "version": "5.5.2"}, "os": {"type": "Windows", "name": "Windows 11", "architecture": "amd64", "version": "10.0"}, "platform": "Java/Oracle Corporation/25.0.1+8-LTS-27"} created with settings MongoClientSettings{readPreference=primary, writeConcern=WriteConcern{w=null, wTimeout=null ms, journal=null}, retryWrites=true, retryReads=true, readConcern=ReadConcern{level=null}, credential=null, transportSettings=null, commandListeners=[], codecRegistry=ProvidersCodecRegistry{codecProviders=[ValueCodecProvider{}, BsonValueCodecProvider{}, DBRefCodecProvider{}, DBObjectCodecProvider{}, DocumentCodecProvider{}, CollectionCodecProvider{}, IterableCodecProvider{}, MapCodecProvider{}, GeoJsonCodecProvider{}, GridFSFileCodecProvider{}, Jsr310CodecProvider{}, JsonObjectCodecProvider{}, BsonCodecProvider{}, EnumCodecProvider{}, com.mongodb.client.model.mql.ExpressionCodecProvider@c2df90e, com.mongodb.Jep395RecordCodecProvider@41f3aaf1, com.mongodb.KotlinCodecProvider@741741d0]}, loggerSettings=LoggerSettings{maxDocumentLength=1000}, clusterSettings={hosts=[localhost:27017], srvServiceName=mongodb, mode=SINGLE, requiredClusterType=UNKNOWN, requiredReplicaSetName='null', serverSelector='null', clusterListeners='[]', serverSelectionTimeout='30000 ms', localThreshold='15 ms'}, socketSettings=SocketSettings{connectTimeoutMS=10000, readTimeoutMS=0, receiveBufferSize=0, proxySettings=ProxySettings{host=null, port=null, username=null, password=null}}, heartbeatSocketSettings=SocketSettings{connectTimeoutMS=10000, readTimeoutMS=10000, receiveBufferSize=0, proxySettings=ProxySettings{host=null, port=null, username=null, password=null}}, connectionPoolSettings=ConnectionPoolSettings{maxSize=100, minSize=0, maxWaitTimeMS=120000, maxConnectionLifeTimeMS=0, maxConnectionIdleTimeMS=0, maintenanceInitialDelayMS=0, maintenanceFrequencyMS=60000, connectionPoolListeners=[], maxConnecting=2}, serverSettings=ServerSettings{heartbeatFrequencyMS=10000, minHeartbeatFrequencyMS=500, serverMonitoringMode=AUTO, serverListeners='[]', serverMonitorListeners='[]'}, sslSettings=SslSettings{enabled=false, invalidHostNameAllowed=false, context=null}, applicationName='null', compressorList=[], uuidRepresentation=UNSPECIFIED, serverApi=null, autoEncryptionSettings=null, dnsClient=null, inetAddressResolver=null, contextProvider=null, timeoutMS=null}
2026-02-05 09:40:46 [cluster-ClusterId{value='698418468fc9856acfa2617c', description='null'}-localhost:27017] INFO  org.mongodb.driver.cluster - Monitor thread successfully connected to server with description ServerDescription{address=localhost:27017, type=STANDALONE, cryptd=false, state=CONNECTED, ok=true, minWireVersion=0, maxWireVersion=27, maxDocumentSize=16777216, logicalSessionTimeoutMinutes=30, roundTripTimeNanos=13332400, minRoundTripTimeNanos=0}
2026-02-05 09:40:47 [main] INFO  o.s.s.c.a.a.c.InitializeUserDetailsBeanManagerConfigurer$InitializeUserDetailsManagerConfigurer - Global AuthenticationManager configured with UserDetailsService bean with name customUserDetailsService
2026-02-05 09:40:47 [main] INFO  o.a.coyote.http11.Http11NioProtocol - Starting ProtocolHandler ["http-nio-4040"]
2026-02-05 09:40:47 [main] INFO  o.s.b.w.e.tomcat.TomcatWebServer - Tomcat started on port 4040 (http) with context path '/'
2026-02-05 09:40:47 [main] INFO  c.c.ChatsphereBackendApplication - Started ChatsphereBackendApplication in 3.116 seconds (process running for 3.386)
2026-02-05 09:41:00 [http-nio-4040-exec-1] INFO  o.a.c.c.C.[Tomcat].[localhost].[/] - Initializing Spring DispatcherServlet 'dispatcherServlet'
2026-02-05 09:41:00 [http-nio-4040-exec-1] INFO  o.s.web.servlet.DispatcherServlet - Initializing Servlet 'dispatcherServlet'
2026-02-05 09:41:00 [http-nio-4040-exec-1] INFO  o.s.web.servlet.DispatcherServlet - Completed initialization in 0 ms
2026-02-05 09:44:31 [SpringApplicationShutdownHook] INFO  o.s.b.w.e.tomcat.GracefulShutdown - Commencing graceful shutdown. Waiting for active requests to complete
2026-02-05 09:44:31 [tomcat-shutdown] INFO  o.s.b.w.e.tomcat.GracefulShutdown - Graceful shutdown complete
2026-02-05 09:44:31 [SpringApplicationShutdownHook] WARN  o.s.w.s.h.ExceptionWebSocketHandlerDecorator - Unhandled exception after connection closed for ExceptionWebSocketHandlerDecorator [delegate=LoggingWebSocketHandlerDecorator [delegate=com.chatsphere.websocket.ChatWebSocketHandler@10e56da9]]
org.springframework.data.mongodb.ClientSessionException: state should be: open
	at org.springframework.data.mongodb.core.MongoExceptionTranslator.doTranslateException(MongoExceptionTranslator.java:159)
	at org.springframework.data.mongodb.core.MongoExceptionTranslator.translateExceptionIfPossible(MongoExceptionTranslator.java:74)
	at org.springframework.data.mongodb.core.MongoTemplate.potentiallyConvertRuntimeException(MongoTemplate.java:3043)
	at org.springframework.data.mongodb.core.MongoTemplate.executeFindOneInternal(MongoTemplate.java:2921)
	at org.springframework.data.mongodb.core.MongoTemplate.doFindOne(MongoTemplate.java:2573)
	at org.springframework.data.mongodb.core.MongoTemplate.findOne(MongoTemplate.java:848)
	at org.springframework.data.mongodb.repository.support.SimpleMongoRepository.findById(SimpleMongoRepository.java:130)
	at java.base/jdk.internal.reflect.DirectMethodHandleAccessor.invoke(DirectMethodHandleAccessor.java:104)
	at java.base/java.lang.reflect.Method.invoke(Method.java:565)
	at org.springframework.aop.support.AopUtils.invokeJoinpointUsingReflection(AopUtils.java:360)
	at org.springframework.data.repository.core.support.RepositoryMethodInvoker$RepositoryFragmentMethodInvoker.lambda$new$0(RepositoryMethodInvoker.java:277)
	at org.springframework.data.repository.core.support.RepositoryMethodInvoker.doInvoke(RepositoryMethodInvoker.java:170)
	at org.springframework.data.repository.core.support.RepositoryMethodInvoker.invoke(RepositoryMethodInvoker.java:158)
	at org.springframework.data.repository.core.support.RepositoryComposition$RepositoryFragments.invoke(RepositoryComposition.java:515)
	at org.springframework.data.repository.core.support.RepositoryComposition.invoke(RepositoryComposition.java:284)
	at org.springframework.data.repository.core.support.RepositoryFactorySupport$ImplementationMethodExecutionInterceptor.invoke(RepositoryFactorySupport.java:720)
	at org.springframework.aop.framework.ReflectiveMethodInvocation.proceed(ReflectiveMethodInvocation.java:184)
	at org.springframework.data.repository.core.support.QueryExecutorMethodInterceptor.doInvoke(QueryExecutorMethodInterceptor.java:174)
	at org.springframework.data.repository.core.support.QueryExecutorMethodInterceptor.invoke(QueryExecutorMethodInterceptor.java:149)
	at org.springframework.aop.framework.ReflectiveMethodInvocation.proceed(ReflectiveMethodInvocation.java:184)
	at org.springframework.data.projection.DefaultMethodInvokingMethodInterceptor.invoke(DefaultMethodInvokingMethodInterceptor.java:69)
	at org.springframework.aop.framework.ReflectiveMethodInvocation.proceed(ReflectiveMethodInvocation.java:184)
	at org.springframework.data.mongodb.repository.support.CrudMethodMetadataPostProcessor$CrudMethodMetadataPopulatingMethodInterceptor.invoke(CrudMethodMetadataPostProcessor.java:158)
	at org.springframework.aop.framework.ReflectiveMethodInvocation.proceed(ReflectiveMethodInvocation.java:184)
	at org.springframework.aop.framework.JdkDynamicAopProxy.invoke(JdkDynamicAopProxy.java:223)
	at jdk.proxy2/jdk.proxy2.$Proxy73.findById(Unknown Source)
	at com.chatsphere.presence.PresenceService.markOffline(PresenceService.java:28)
	at com.chatsphere.websocket.ChatWebSocketHandler.afterConnectionClosed(ChatWebSocketHandler.java:103)
	at org.springframework.web.socket.handler.WebSocketHandlerDecorator.afterConnectionClosed(WebSocketHandlerDecorator.java:85)
	at org.springframework.web.socket.handler.LoggingWebSocketHandlerDecorator.afterConnectionClosed(LoggingWebSocketHandlerDecorator.java:72)
	at org.springframework.web.socket.handler.ExceptionWebSocketHandlerDecorator.afterConnectionClosed(ExceptionWebSocketHandlerDecorator.java:78)
	at org.springframework.web.socket.adapter.standard.StandardWebSocketHandlerAdapter.onClose(StandardWebSocketHandlerAdapter.java:144)
	at org.apache.tomcat.websocket.WsSession.fireEndpointOnClose(WsSession.java:718)
	at org.apache.tomcat.websocket.WsSession.doClose(WsSession.java:575)
	at org.apache.tomcat.websocket.WsSession.doClose(WsSession.java:541)
	at org.apache.tomcat.websocket.WsSession.close(WsSession.java:529)
	at org.apache.tomcat.websocket.WsWebSocketContainer.destroy(WsWebSocketContainer.java:1034)
	at org.apache.tomcat.websocket.server.WsContextListener.contextDestroyed(WsContextListener.java:46)
	at org.apache.catalina.core.StandardContext.listenerStop(StandardContext.java:4078)
	at org.apache.catalina.core.StandardContext.stopInternal(StandardContext.java:4688)
	at org.apache.catalina.util.LifecycleBase.stop(LifecycleBase.java:235)
	at org.apache.catalina.core.ContainerBase$StopChild.call(ContainerBase.java:1217)
	at org.apache.catalina.core.ContainerBase$StopChild.call(ContainerBase.java:1206)
	at java.base/java.util.concurrent.FutureTask.run(FutureTask.java:328)
	at org.apache.tomcat.util.threads.InlineExecutorService.execute(InlineExecutorService.java:81)
	at java.base/java.util.concurrent.AbstractExecutorService.submit(AbstractExecutorService.java:149)
	at org.apache.catalina.core.ContainerBase.stopInternal(ContainerBase.java:812)
	at org.apache.catalina.util.LifecycleBase.stop(LifecycleBase.java:235)
	at org.apache.catalina.core.ContainerBase$StopChild.call(ContainerBase.java:1217)
	at org.apache.catalina.core.ContainerBase$StopChild.call(ContainerBase.java:1206)
	at java.base/java.util.concurrent.FutureTask.run(FutureTask.java:328)
	at org.apache.tomcat.util.threads.InlineExecutorService.execute(InlineExecutorService.java:81)
	at java.base/java.util.concurrent.AbstractExecutorService.submit(AbstractExecutorService.java:149)
	at org.apache.catalina.core.ContainerBase.stopInternal(ContainerBase.java:812)
	at org.apache.catalina.util.LifecycleBase.stop(LifecycleBase.java:235)
	at org.apache.catalina.core.StandardService.stopInternal(StandardService.java:466)
	at org.apache.catalina.util.LifecycleBase.stop(LifecycleBase.java:235)
	at org.apache.catalina.core.StandardServer.stopInternal(StandardServer.java:913)
	at org.apache.catalina.util.LifecycleBase.stop(LifecycleBase.java:235)
	at org.apache.catalina.startup.Tomcat.stop(Tomcat.java:446)
	at org.springframework.boot.web.embedded.tomcat.TomcatWebServer.stopTomcat(TomcatWebServer.java:301)
	at org.springframework.boot.web.embedded.tomcat.TomcatWebServer.destroy(TomcatWebServer.java:374)
	at org.springframework.boot.web.servlet.context.ServletWebServerApplicationContext.doClose(ServletWebServerApplicationContext.java:182)
	at org.springframework.context.support.AbstractApplicationContext.close(AbstractApplicationContext.java:1129)
	at org.springframework.boot.SpringApplicationShutdownHook.closeAndWait(SpringApplicationShutdownHook.java:147)
	at java.base/java.lang.Iterable.forEach(Iterable.java:75)
	at org.springframework.boot.SpringApplicationShutdownHook.run(SpringApplicationShutdownHook.java:116)
	at java.base/java.lang.Thread.run(Thread.java:1474)
Caused by: java.lang.IllegalStateException: state should be: open
	at com.mongodb.assertions.Assertions.isTrue(Assertions.java:91)
	at com.mongodb.internal.connection.BaseCluster.selectServer(BaseCluster.java:126)
	at com.mongodb.internal.connection.SingleServerCluster.selectServer(SingleServerCluster.java:47)
	at com.mongodb.internal.binding.ClusterBinding.getReadConnectionSource(ClusterBinding.java:82)
	at com.mongodb.client.internal.ClientSessionBinding.getConnectionSource(ClientSessionBinding.java:108)
	at com.mongodb.client.internal.ClientSessionBinding.getReadConnectionSource(ClientSessionBinding.java:88)
	at com.mongodb.internal.operation.SyncOperationHelper.withSuppliedResource(SyncOperationHelper.java:148)
	at com.mongodb.internal.operation.SyncOperationHelper.withSourceAndConnection(SyncOperationHelper.java:129)
	at com.mongodb.internal.operation.FindOperation.lambda$execute$2(FindOperation.java:296)
	at com.mongodb.internal.operation.SyncOperationHelper.lambda$decorateReadWithRetries$13(SyncOperationHelper.java:317)
	at com.mongodb.internal.async.function.RetryingSyncSupplier.get(RetryingSyncSupplier.java:67)
	at com.mongodb.internal.operation.FindOperation.execute(FindOperation.java:307)
	at com.mongodb.internal.operation.FindOperation.execute(FindOperation.java:70)
	at com.mongodb.client.internal.MongoClusterImpl$OperationExecutorImpl.execute(MongoClusterImpl.java:424)
	at com.mongodb.client.internal.FindIterableImpl.first(FindIterableImpl.java:210)
	at org.springframework.data.mongodb.core.MongoTemplate$FindOneCallback.doInCollection(MongoTemplate.java:3083)
	at org.springframework.data.mongodb.core.MongoTemplate$FindOneCallback.doInCollection(MongoTemplate.java:3057)
	at org.springframework.data.mongodb.core.MongoTemplate.executeFindOneInternal(MongoTemplate.java:2918)
	... 64 common frames omitted
2026-02-05 09:44:46 [background-preinit] INFO  o.h.validator.internal.util.Version - HV000001: Hibernate Validator 8.0.3.Final
2026-02-05 09:44:47 [main] INFO  c.c.ChatsphereBackendApplication - Starting ChatsphereBackendApplication using Java 25.0.1 with PID 6336 (D:\Project\ChatSphere\chatsphere-backend\target\classes started by hetpr in D:\Project\ChatSphere\chatsphere-backend)
2026-02-05 09:44:47 [main] DEBUG c.c.ChatsphereBackendApplication - Running with Spring Boot v3.5.10, Spring v6.2.15
2026-02-05 09:44:47 [main] INFO  c.c.ChatsphereBackendApplication - The following 1 profile is active: "dev"
2026-02-05 09:44:47 [main] INFO  o.s.d.r.c.RepositoryConfigurationDelegate - Bootstrapping Spring Data MongoDB repositories in DEFAULT mode.
2026-02-05 09:44:48 [main] INFO  o.s.d.r.c.RepositoryConfigurationDelegate - Finished Spring Data repository scanning in 61 ms. Found 3 MongoDB repository interfaces.
2026-02-05 09:44:48 [main] INFO  o.s.b.w.e.tomcat.TomcatWebServer - Tomcat initialized with port 4040 (http)
2026-02-05 09:44:48 [main] INFO  o.a.coyote.http11.Http11NioProtocol - Initializing ProtocolHandler ["http-nio-4040"]
2026-02-05 09:44:48 [main] INFO  o.a.catalina.core.StandardService - Starting service [Tomcat]
2026-02-05 09:44:48 [main] INFO  o.a.catalina.core.StandardEngine - Starting Servlet engine: [Apache Tomcat/10.1.50]
2026-02-05 09:44:48 [main] INFO  o.a.c.c.C.[Tomcat].[localhost].[/] - Initializing Spring embedded WebApplicationContext
2026-02-05 09:44:48 [main] INFO  o.s.b.w.s.c.ServletWebServerApplicationContext - Root WebApplicationContext: initialization completed in 1470 ms
2026-02-05 09:44:48 [main] DEBUG c.c.security.JwtAuthenticationFilter - Filter 'jwtAuthenticationFilter' configured for use
2026-02-05 09:44:48 [main] INFO  org.mongodb.driver.client - MongoClient with metadata {"driver": {"name": "mongo-java-driver|sync", "version": "5.5.2"}, "os": {"type": "Windows", "name": "Windows 11", "architecture": "amd64", "version": "10.0"}, "platform": "Java/Oracle Corporation/25.0.1+8-LTS-27"} created with settings MongoClientSettings{readPreference=primary, writeConcern=WriteConcern{w=null, wTimeout=null ms, journal=null}, retryWrites=true, retryReads=true, readConcern=ReadConcern{level=null}, credential=null, transportSettings=null, commandListeners=[], codecRegistry=ProvidersCodecRegistry{codecProviders=[ValueCodecProvider{}, BsonValueCodecProvider{}, DBRefCodecProvider{}, DBObjectCodecProvider{}, DocumentCodecProvider{}, CollectionCodecProvider{}, IterableCodecProvider{}, MapCodecProvider{}, GeoJsonCodecProvider{}, GridFSFileCodecProvider{}, Jsr310CodecProvider{}, JsonObjectCodecProvider{}, BsonCodecProvider{}, EnumCodecProvider{}, com.mongodb.client.model.mql.ExpressionCodecProvider@7b222230, com.mongodb.Jep395RecordCodecProvider@364b1061, com.mongodb.KotlinCodecProvider@50fdf44f]}, loggerSettings=LoggerSettings{maxDocumentLength=1000}, clusterSettings={hosts=[localhost:27017], srvServiceName=mongodb, mode=SINGLE, requiredClusterType=UNKNOWN, requiredReplicaSetName='null', serverSelector='null', clusterListeners='[]', serverSelectionTimeout='30000 ms', localThreshold='15 ms'}, socketSettings=SocketSettings{connectTimeoutMS=10000, readTimeoutMS=0, receiveBufferSize=0, proxySettings=ProxySettings{host=null, port=null, username=null, password=null}}, heartbeatSocketSettings=SocketSettings{connectTimeoutMS=10000, readTimeoutMS=10000, receiveBufferSize=0, proxySettings=ProxySettings{host=null, port=null, username=null, password=null}}, connectionPoolSettings=ConnectionPoolSettings{maxSize=100, minSize=0, maxWaitTimeMS=120000, maxConnectionLifeTimeMS=0, maxConnectionIdleTimeMS=0, maintenanceInitialDelayMS=0, maintenanceFrequencyMS=60000, connectionPoolListeners=[], maxConnecting=2}, serverSettings=ServerSettings{heartbeatFrequencyMS=10000, minHeartbeatFrequencyMS=500, serverMonitoringMode=AUTO, serverListeners='[]', serverMonitorListeners='[]'}, sslSettings=SslSettings{enabled=false, invalidHostNameAllowed=false, context=null}, applicationName='null', compressorList=[], uuidRepresentation=UNSPECIFIED, serverApi=null, autoEncryptionSettings=null, dnsClient=null, inetAddressResolver=null, contextProvider=null, timeoutMS=null}
2026-02-05 09:44:49 [cluster-ClusterId{value='69841938d65e1443fbec93a1', description='null'}-localhost:27017] INFO  org.mongodb.driver.cluster - Monitor thread successfully connected to server with description ServerDescription{address=localhost:27017, type=STANDALONE, cryptd=false, state=CONNECTED, ok=true, minWireVersion=0, maxWireVersion=27, maxDocumentSize=16777216, logicalSessionTimeoutMinutes=30, roundTripTimeNanos=171173400, minRoundTripTimeNanos=0}
2026-02-05 09:44:49 [main] INFO  o.s.s.c.a.a.c.InitializeUserDetailsBeanManagerConfigurer$InitializeUserDetailsManagerConfigurer - Global AuthenticationManager configured with UserDetailsService bean with name customUserDetailsService
2026-02-05 09:44:49 [main] INFO  o.a.coyote.http11.Http11NioProtocol - Starting ProtocolHandler ["http-nio-4040"]
2026-02-05 09:44:49 [main] INFO  o.s.b.w.e.tomcat.TomcatWebServer - Tomcat started on port 4040 (http) with context path '/'
2026-02-05 09:44:49 [main] INFO  c.c.ChatsphereBackendApplication - Started ChatsphereBackendApplication in 3.204 seconds (process running for 3.504)
2026-02-05 09:45:30 [http-nio-4040-exec-3] INFO  o.a.c.c.C.[Tomcat].[localhost].[/] - Initializing Spring DispatcherServlet 'dispatcherServlet'
2026-02-05 09:45:30 [http-nio-4040-exec-3] INFO  o.s.web.servlet.DispatcherServlet - Initializing Servlet 'dispatcherServlet'
2026-02-05 09:45:30 [http-nio-4040-exec-3] INFO  o.s.web.servlet.DispatcherServlet - Completed initialization in 1 ms
2026-02-05 09:47:17 [SpringApplicationShutdownHook] INFO  o.s.b.w.e.tomcat.GracefulShutdown - Commencing graceful shutdown. Waiting for active requests to complete
2026-02-05 09:47:17 [tomcat-shutdown] INFO  o.s.b.w.e.tomcat.GracefulShutdown - Graceful shutdown complete
2026-02-05 09:47:17 [SpringApplicationShutdownHook] WARN  o.s.w.s.h.ExceptionWebSocketHandlerDecorator - Unhandled exception after connection closed for ExceptionWebSocketHandlerDecorator [delegate=LoggingWebSocketHandlerDecorator [delegate=com.chatsphere.websocket.ChatWebSocketHandler@53bb71e5]]
org.springframework.data.mongodb.ClientSessionException: state should be: open
	at org.springframework.data.mongodb.core.MongoExceptionTranslator.doTranslateException(MongoExceptionTranslator.java:159)
	at org.springframework.data.mongodb.core.MongoExceptionTranslator.translateExceptionIfPossible(MongoExceptionTranslator.java:74)
	at org.springframework.data.mongodb.core.MongoTemplate.potentiallyConvertRuntimeException(MongoTemplate.java:3043)
	at org.springframework.data.mongodb.core.MongoTemplate.executeFindOneInternal(MongoTemplate.java:2921)
	at org.springframework.data.mongodb.core.MongoTemplate.doFindOne(MongoTemplate.java:2573)
	at org.springframework.data.mongodb.core.MongoTemplate.findOne(MongoTemplate.java:848)
	at org.springframework.data.mongodb.repository.support.SimpleMongoRepository.findById(SimpleMongoRepository.java:130)
	at java.base/jdk.internal.reflect.DirectMethodHandleAccessor.invoke(DirectMethodHandleAccessor.java:104)
	at java.base/java.lang.reflect.Method.invoke(Method.java:565)
	at org.springframework.aop.support.AopUtils.invokeJoinpointUsingReflection(AopUtils.java:360)
	at org.springframework.data.repository.core.support.RepositoryMethodInvoker$RepositoryFragmentMethodInvoker.lambda$new$0(RepositoryMethodInvoker.java:277)
	at org.springframework.data.repository.core.support.RepositoryMethodInvoker.doInvoke(RepositoryMethodInvoker.java:170)
	at org.springframework.data.repository.core.support.RepositoryMethodInvoker.invoke(RepositoryMethodInvoker.java:158)
	at org.springframework.data.repository.core.support.RepositoryComposition$RepositoryFragments.invoke(RepositoryComposition.java:515)
	at org.springframework.data.repository.core.support.RepositoryComposition.invoke(RepositoryComposition.java:284)
	at org.springframework.data.repository.core.support.RepositoryFactorySupport$ImplementationMethodExecutionInterceptor.invoke(RepositoryFactorySupport.java:720)
	at org.springframework.aop.framework.ReflectiveMethodInvocation.proceed(ReflectiveMethodInvocation.java:184)
	at org.springframework.data.repository.core.support.QueryExecutorMethodInterceptor.doInvoke(QueryExecutorMethodInterceptor.java:174)
	at org.springframework.data.repository.core.support.QueryExecutorMethodInterceptor.invoke(QueryExecutorMethodInterceptor.java:149)
	at org.springframework.aop.framework.ReflectiveMethodInvocation.proceed(ReflectiveMethodInvocation.java:184)
	at org.springframework.data.projection.DefaultMethodInvokingMethodInterceptor.invoke(DefaultMethodInvokingMethodInterceptor.java:69)
	at org.springframework.aop.framework.ReflectiveMethodInvocation.proceed(ReflectiveMethodInvocation.java:184)
	at org.springframework.data.mongodb.repository.support.CrudMethodMetadataPostProcessor$CrudMethodMetadataPopulatingMethodInterceptor.invoke(CrudMethodMetadataPostProcessor.java:158)
	at org.springframework.aop.framework.ReflectiveMethodInvocation.proceed(ReflectiveMethodInvocation.java:184)
	at org.springframework.aop.framework.JdkDynamicAopProxy.invoke(JdkDynamicAopProxy.java:223)
	at jdk.proxy2/jdk.proxy2.$Proxy73.findById(Unknown Source)
	at com.chatsphere.presence.PresenceService.markOffline(PresenceService.java:28)
	at com.chatsphere.websocket.ChatWebSocketHandler.afterConnectionClosed(ChatWebSocketHandler.java:103)
	at org.springframework.web.socket.handler.WebSocketHandlerDecorator.afterConnectionClosed(WebSocketHandlerDecorator.java:85)
	at org.springframework.web.socket.handler.LoggingWebSocketHandlerDecorator.afterConnectionClosed(LoggingWebSocketHandlerDecorator.java:72)
	at org.springframework.web.socket.handler.ExceptionWebSocketHandlerDecorator.afterConnectionClosed(ExceptionWebSocketHandlerDecorator.java:78)
	at org.springframework.web.socket.adapter.standard.StandardWebSocketHandlerAdapter.onClose(StandardWebSocketHandlerAdapter.java:144)
	at org.apache.tomcat.websocket.WsSession.fireEndpointOnClose(WsSession.java:718)
	at org.apache.tomcat.websocket.WsSession.doClose(WsSession.java:575)
	at org.apache.tomcat.websocket.WsSession.doClose(WsSession.java:541)
	at org.apache.tomcat.websocket.WsSession.close(WsSession.java:529)
	at org.apache.tomcat.websocket.WsWebSocketContainer.destroy(WsWebSocketContainer.java:1034)
	at org.apache.tomcat.websocket.server.WsContextListener.contextDestroyed(WsContextListener.java:46)
	at org.apache.catalina.core.StandardContext.listenerStop(StandardContext.java:4078)
	at org.apache.catalina.core.StandardContext.stopInternal(StandardContext.java:4688)
	at org.apache.catalina.util.LifecycleBase.stop(LifecycleBase.java:235)
	at org.apache.catalina.core.ContainerBase$StopChild.call(ContainerBase.java:1217)
	at org.apache.catalina.core.ContainerBase$StopChild.call(ContainerBase.java:1206)
	at java.base/java.util.concurrent.FutureTask.run(FutureTask.java:328)
	at org.apache.tomcat.util.threads.InlineExecutorService.execute(InlineExecutorService.java:81)
	at java.base/java.util.concurrent.AbstractExecutorService.submit(AbstractExecutorService.java:149)
	at org.apache.catalina.core.ContainerBase.stopInternal(ContainerBase.java:812)
	at org.apache.catalina.util.LifecycleBase.stop(LifecycleBase.java:235)
	at org.apache.catalina.core.ContainerBase$StopChild.call(ContainerBase.java:1217)
	at org.apache.catalina.core.ContainerBase$StopChild.call(ContainerBase.java:1206)
	at java.base/java.util.concurrent.FutureTask.run(FutureTask.java:328)
	at org.apache.tomcat.util.threads.InlineExecutorService.execute(InlineExecutorService.java:81)
	at java.base/java.util.concurrent.AbstractExecutorService.submit(AbstractExecutorService.java:149)
	at org.apache.catalina.core.ContainerBase.stopInternal(ContainerBase.java:812)
	at org.apache.catalina.util.LifecycleBase.stop(LifecycleBase.java:235)
	at org.apache.catalina.core.StandardService.stopInternal(StandardService.java:466)
	at org.apache.catalina.util.LifecycleBase.stop(LifecycleBase.java:235)
	at org.apache.catalina.core.StandardServer.stopInternal(StandardServer.java:913)
	at org.apache.catalina.util.LifecycleBase.stop(LifecycleBase.java:235)
	at org.apache.catalina.startup.Tomcat.stop(Tomcat.java:446)
	at org.springframework.boot.web.embedded.tomcat.TomcatWebServer.stopTomcat(TomcatWebServer.java:301)
	at org.springframework.boot.web.embedded.tomcat.TomcatWebServer.destroy(TomcatWebServer.java:374)
	at org.springframework.boot.web.servlet.context.ServletWebServerApplicationContext.doClose(ServletWebServerApplicationContext.java:182)
	at org.springframework.context.support.AbstractApplicationContext.close(AbstractApplicationContext.java:1129)
	at org.springframework.boot.SpringApplicationShutdownHook.closeAndWait(SpringApplicationShutdownHook.java:147)
	at java.base/java.lang.Iterable.forEach(Iterable.java:75)
	at org.springframework.boot.SpringApplicationShutdownHook.run(SpringApplicationShutdownHook.java:116)
	at java.base/java.lang.Thread.run(Thread.java:1474)
Caused by: java.lang.IllegalStateException: state should be: open
	at com.mongodb.assertions.Assertions.isTrue(Assertions.java:91)
	at com.mongodb.internal.connection.BaseCluster.selectServer(BaseCluster.java:126)
	at com.mongodb.internal.connection.SingleServerCluster.selectServer(SingleServerCluster.java:47)
	at com.mongodb.internal.binding.ClusterBinding.getReadConnectionSource(ClusterBinding.java:82)
	at com.mongodb.client.internal.ClientSessionBinding.getConnectionSource(ClientSessionBinding.java:108)
	at com.mongodb.client.internal.ClientSessionBinding.getReadConnectionSource(ClientSessionBinding.java:88)
	at com.mongodb.internal.operation.SyncOperationHelper.withSuppliedResource(SyncOperationHelper.java:148)
	at com.mongodb.internal.operation.SyncOperationHelper.withSourceAndConnection(SyncOperationHelper.java:129)
	at com.mongodb.internal.operation.FindOperation.lambda$execute$2(FindOperation.java:296)
	at com.mongodb.internal.operation.SyncOperationHelper.lambda$decorateReadWithRetries$13(SyncOperationHelper.java:317)
	at com.mongodb.internal.async.function.RetryingSyncSupplier.get(RetryingSyncSupplier.java:67)
	at com.mongodb.internal.operation.FindOperation.execute(FindOperation.java:307)
	at com.mongodb.internal.operation.FindOperation.execute(FindOperation.java:70)
	at com.mongodb.client.internal.MongoClusterImpl$OperationExecutorImpl.execute(MongoClusterImpl.java:424)
	at com.mongodb.client.internal.FindIterableImpl.first(FindIterableImpl.java:210)
	at org.springframework.data.mongodb.core.MongoTemplate$FindOneCallback.doInCollection(MongoTemplate.java:3083)
	at org.springframework.data.mongodb.core.MongoTemplate$FindOneCallback.doInCollection(MongoTemplate.java:3057)
	at org.springframework.data.mongodb.core.MongoTemplate.executeFindOneInternal(MongoTemplate.java:2918)
	... 64 common frames omitted
2026-02-05 09:52:50 [background-preinit] INFO  o.h.validator.internal.util.Version - HV000001: Hibernate Validator 8.0.3.Final
2026-02-05 09:52:50 [main] INFO  c.c.ChatsphereBackendApplication - Starting ChatsphereBackendApplication using Java 25.0.1 with PID 19084 (D:\Project\ChatSphere\chatsphere-backend\target\classes started by hetpr in D:\Project\ChatSphere\chatsphere-backend)
2026-02-05 09:52:50 [main] DEBUG c.c.ChatsphereBackendApplication - Running with Spring Boot v3.5.10, Spring v6.2.15
2026-02-05 09:52:50 [main] INFO  c.c.ChatsphereBackendApplication - The following 1 profile is active: "dev"
2026-02-05 09:52:50 [main] INFO  o.s.d.r.c.RepositoryConfigurationDelegate - Bootstrapping Spring Data MongoDB repositories in DEFAULT mode.
2026-02-05 09:52:51 [main] INFO  o.s.d.r.c.RepositoryConfigurationDelegate - Finished Spring Data repository scanning in 75 ms. Found 3 MongoDB repository interfaces.
2026-02-05 09:52:51 [main] INFO  o.s.b.w.e.tomcat.TomcatWebServer - Tomcat initialized with port 4040 (https)
2026-02-05 09:52:51 [main] INFO  o.a.coyote.http11.Http11NioProtocol - Initializing ProtocolHandler ["https-jsse-nio-4040"]
2026-02-05 09:52:51 [main] INFO  o.a.catalina.core.StandardService - Starting service [Tomcat]
2026-02-05 09:52:51 [main] INFO  o.a.catalina.core.StandardEngine - Starting Servlet engine: [Apache Tomcat/10.1.50]
2026-02-05 09:52:52 [main] INFO  o.a.c.c.C.[Tomcat].[localhost].[/] - Initializing Spring embedded WebApplicationContext
2026-02-05 09:52:52 [main] INFO  o.s.b.w.s.c.ServletWebServerApplicationContext - Root WebApplicationContext: initialization completed in 1585 ms
2026-02-05 09:52:52 [main] DEBUG c.c.security.JwtAuthenticationFilter - Filter 'jwtAuthenticationFilter' configured for use
2026-02-05 09:52:52 [main] INFO  org.mongodb.driver.client - MongoClient with metadata {"driver": {"name": "mongo-java-driver|sync", "version": "5.5.2"}, "os": {"type": "Windows", "name": "Windows 11", "architecture": "amd64", "version": "10.0"}, "platform": "Java/Oracle Corporation/25.0.1+8-LTS-27"} created with settings MongoClientSettings{readPreference=primary, writeConcern=WriteConcern{w=null, wTimeout=null ms, journal=null}, retryWrites=true, retryReads=true, readConcern=ReadConcern{level=null}, credential=null, transportSettings=null, commandListeners=[], codecRegistry=ProvidersCodecRegistry{codecProviders=[ValueCodecProvider{}, BsonValueCodecProvider{}, DBRefCodecProvider{}, DBObjectCodecProvider{}, DocumentCodecProvider{}, CollectionCodecProvider{}, IterableCodecProvider{}, MapCodecProvider{}, GeoJsonCodecProvider{}, GridFSFileCodecProvider{}, Jsr310CodecProvider{}, JsonObjectCodecProvider{}, BsonCodecProvider{}, EnumCodecProvider{}, com.mongodb.client.model.mql.ExpressionCodecProvider@c2cf597, com.mongodb.Jep395RecordCodecProvider@724bf25f, com.mongodb.KotlinCodecProvider@2abafa97]}, loggerSettings=LoggerSettings{maxDocumentLength=1000}, clusterSettings={hosts=[localhost:27017], srvServiceName=mongodb, mode=SINGLE, requiredClusterType=UNKNOWN, requiredReplicaSetName='null', serverSelector='null', clusterListeners='[]', serverSelectionTimeout='30000 ms', localThreshold='15 ms'}, socketSettings=SocketSettings{connectTimeoutMS=10000, readTimeoutMS=0, receiveBufferSize=0, proxySettings=ProxySettings{host=null, port=null, username=null, password=null}}, heartbeatSocketSettings=SocketSettings{connectTimeoutMS=10000, readTimeoutMS=10000, receiveBufferSize=0, proxySettings=ProxySettings{host=null, port=null, username=null, password=null}}, connectionPoolSettings=ConnectionPoolSettings{maxSize=100, minSize=0, maxWaitTimeMS=120000, maxConnectionLifeTimeMS=0, maxConnectionIdleTimeMS=0, maintenanceInitialDelayMS=0, maintenanceFrequencyMS=60000, connectionPoolListeners=[], maxConnecting=2}, serverSettings=ServerSettings{heartbeatFrequencyMS=10000, minHeartbeatFrequencyMS=500, serverMonitoringMode=AUTO, serverListeners='[]', serverMonitorListeners='[]'}, sslSettings=SslSettings{enabled=false, invalidHostNameAllowed=false, context=null}, applicationName='null', compressorList=[], uuidRepresentation=UNSPECIFIED, serverApi=null, autoEncryptionSettings=null, dnsClient=null, inetAddressResolver=null, contextProvider=null, timeoutMS=null}
2026-02-05 09:52:52 [cluster-ClusterId{value='69841b1c6be36701abf16fd0', description='null'}-localhost:27017] INFO  org.mongodb.driver.cluster - Monitor thread successfully connected to server with description ServerDescription{address=localhost:27017, type=STANDALONE, cryptd=false, state=CONNECTED, ok=true, minWireVersion=0, maxWireVersion=27, maxDocumentSize=16777216, logicalSessionTimeoutMinutes=30, roundTripTimeNanos=16790900, minRoundTripTimeNanos=0}
2026-02-05 09:52:52 [main] INFO  o.s.s.c.a.a.c.InitializeUserDetailsBeanManagerConfigurer$InitializeUserDetailsManagerConfigurer - Global AuthenticationManager configured with UserDetailsService bean with name customUserDetailsService
2026-02-05 09:52:53 [main] INFO  o.a.coyote.http11.Http11NioProtocol - Starting ProtocolHandler ["https-jsse-nio-4040"]
2026-02-05 09:52:53 [main] INFO  o.a.t.u.net.NioEndpoint.certificate - Connector [https-jsse-nio-4040], TLS virtual host [_default_], certificate type [UNDEFINED] configured from keystore [Set directly - location unknown] using alias [chatsphere] with trust store [null]
2026-02-05 09:52:53 [main] INFO  o.s.b.w.e.tomcat.TomcatWebServer - Tomcat started on port 4040 (https) with context path '/'
2026-02-05 09:52:53 [main] INFO  c.c.ChatsphereBackendApplication - Started ChatsphereBackendApplication in 3.745 seconds (process running for 4.079)
2026-02-05 09:53:52 [SpringApplicationShutdownHook] INFO  o.s.b.w.e.tomcat.GracefulShutdown - Commencing graceful shutdown. Waiting for active requests to complete
2026-02-05 09:53:52 [tomcat-shutdown] INFO  o.s.b.w.e.tomcat.GracefulShutdown - Graceful shutdown complete
2026-02-05 10:08:16 [background-preinit] INFO  o.h.validator.internal.util.Version - HV000001: Hibernate Validator 8.0.3.Final
2026-02-05 10:08:16 [main] INFO  c.c.ChatsphereBackendApplication - Starting ChatsphereBackendApplication using Java 25.0.1 with PID 48552 (D:\Project\ChatSphere\chatsphere-backend\target\classes started by hetpr in D:\Project\ChatSphere\chatsphere-backend)
2026-02-05 10:08:16 [main] DEBUG c.c.ChatsphereBackendApplication - Running with Spring Boot v3.5.10, Spring v6.2.15
2026-02-05 10:08:16 [main] INFO  c.c.ChatsphereBackendApplication - The following 1 profile is active: "dev"
2026-02-05 10:08:18 [main] INFO  o.s.d.r.c.RepositoryConfigurationDelegate - Bootstrapping Spring Data MongoDB repositories in DEFAULT mode.
2026-02-05 10:08:18 [main] INFO  o.s.d.r.c.RepositoryConfigurationDelegate - Finished Spring Data repository scanning in 147 ms. Found 3 MongoDB repository interfaces.
2026-02-05 10:08:20 [main] INFO  o.s.b.w.e.tomcat.TomcatWebServer - Tomcat initialized with port 4040 (https)
2026-02-05 10:08:20 [main] INFO  o.a.coyote.http11.Http11NioProtocol - Initializing ProtocolHandler ["https-jsse-nio-4040"]
2026-02-05 10:08:20 [main] INFO  o.a.catalina.core.StandardService - Starting service [Tomcat]
2026-02-05 10:08:20 [main] INFO  o.a.catalina.core.StandardEngine - Starting Servlet engine: [Apache Tomcat/10.1.50]
2026-02-05 10:08:20 [main] INFO  o.a.c.c.C.[Tomcat].[localhost].[/] - Initializing Spring embedded WebApplicationContext
2026-02-05 10:08:20 [main] INFO  o.s.b.w.s.c.ServletWebServerApplicationContext - Root WebApplicationContext: initialization completed in 3650 ms
2026-02-05 10:08:20 [main] DEBUG c.c.security.JwtAuthenticationFilter - Filter 'jwtAuthenticationFilter' configured for use
2026-02-05 10:08:21 [main] INFO  org.mongodb.driver.client - MongoClient with metadata {"driver": {"name": "mongo-java-driver|sync", "version": "5.5.2"}, "os": {"type": "Windows", "name": "Windows 11", "architecture": "amd64", "version": "10.0"}, "platform": "Java/Oracle Corporation/25.0.1+8-LTS-27"} created with settings MongoClientSettings{readPreference=primary, writeConcern=WriteConcern{w=null, wTimeout=null ms, journal=null}, retryWrites=true, retryReads=true, readConcern=ReadConcern{level=null}, credential=null, transportSettings=null, commandListeners=[], codecRegistry=ProvidersCodecRegistry{codecProviders=[ValueCodecProvider{}, BsonValueCodecProvider{}, DBRefCodecProvider{}, DBObjectCodecProvider{}, DocumentCodecProvider{}, CollectionCodecProvider{}, IterableCodecProvider{}, MapCodecProvider{}, GeoJsonCodecProvider{}, GridFSFileCodecProvider{}, Jsr310CodecProvider{}, JsonObjectCodecProvider{}, BsonCodecProvider{}, EnumCodecProvider{}, com.mongodb.client.model.mql.ExpressionCodecProvider@599a9cb2, com.mongodb.Jep395RecordCodecProvider@3a1b36a1, com.mongodb.KotlinCodecProvider@5e1a986c]}, loggerSettings=LoggerSettings{maxDocumentLength=1000}, clusterSettings={hosts=[localhost:27017], srvServiceName=mongodb, mode=SINGLE, requiredClusterType=UNKNOWN, requiredReplicaSetName='null', serverSelector='null', clusterListeners='[]', serverSelectionTimeout='30000 ms', localThreshold='15 ms'}, socketSettings=SocketSettings{connectTimeoutMS=10000, readTimeoutMS=0, receiveBufferSize=0, proxySettings=ProxySettings{host=null, port=null, username=null, password=null}}, heartbeatSocketSettings=SocketSettings{connectTimeoutMS=10000, readTimeoutMS=10000, receiveBufferSize=0, proxySettings=ProxySettings{host=null, port=null, username=null, password=null}}, connectionPoolSettings=ConnectionPoolSettings{maxSize=100, minSize=0, maxWaitTimeMS=120000, maxConnectionLifeTimeMS=0, maxConnectionIdleTimeMS=0, maintenanceInitialDelayMS=0, maintenanceFrequencyMS=60000, connectionPoolListeners=[], maxConnecting=2}, serverSettings=ServerSettings{heartbeatFrequencyMS=10000, minHeartbeatFrequencyMS=500, serverMonitoringMode=AUTO, serverListeners='[]', serverMonitorListeners='[]'}, sslSettings=SslSettings{enabled=false, invalidHostNameAllowed=false, context=null}, applicationName='null', compressorList=[], uuidRepresentation=UNSPECIFIED, serverApi=null, autoEncryptionSettings=null, dnsClient=null, inetAddressResolver=null, contextProvider=null, timeoutMS=null}
2026-02-05 10:08:21 [cluster-ClusterId{value='69841ebde48885f3d46d6310', description='null'}-localhost:27017] INFO  org.mongodb.driver.cluster - Monitor thread successfully connected to server with description ServerDescription{address=localhost:27017, type=STANDALONE, cryptd=false, state=CONNECTED, ok=true, minWireVersion=0, maxWireVersion=27, maxDocumentSize=16777216, logicalSessionTimeoutMinutes=30, roundTripTimeNanos=58804500, minRoundTripTimeNanos=0}
2026-02-05 10:08:22 [main] INFO  o.s.s.c.a.a.c.InitializeUserDetailsBeanManagerConfigurer$InitializeUserDetailsManagerConfigurer - Global AuthenticationManager configured with UserDetailsService bean with name customUserDetailsService
2026-02-05 10:08:23 [main] INFO  o.a.coyote.http11.Http11NioProtocol - Starting ProtocolHandler ["https-jsse-nio-4040"]
2026-02-05 10:08:24 [main] INFO  o.a.t.u.net.NioEndpoint.certificate - Connector [https-jsse-nio-4040], TLS virtual host [_default_], certificate type [UNDEFINED] configured from keystore [Set directly - location unknown] using alias [chatsphere] with trust store [null]
2026-02-05 10:08:24 [main] INFO  o.s.b.w.e.tomcat.TomcatWebServer - Tomcat started on port 4040 (https) with context path '/'
2026-02-05 10:08:24 [main] INFO  c.c.ChatsphereBackendApplication - Started ChatsphereBackendApplication in 9.319 seconds (process running for 10.191)
2026-02-05 10:08:32 [https-jsse-nio-4040-exec-4] INFO  o.a.c.c.C.[Tomcat].[localhost].[/] - Initializing Spring DispatcherServlet 'dispatcherServlet'
2026-02-05 10:08:32 [https-jsse-nio-4040-exec-4] INFO  o.s.web.servlet.DispatcherServlet - Initializing Servlet 'dispatcherServlet'
2026-02-05 10:08:32 [https-jsse-nio-4040-exec-4] INFO  o.s.web.servlet.DispatcherServlet - Completed initialization in 2 ms
2026-02-05 10:16:24 [SpringApplicationShutdownHook] INFO  o.s.b.w.e.tomcat.GracefulShutdown - Commencing graceful shutdown. Waiting for active requests to complete
2026-02-05 10:16:24 [tomcat-shutdown] INFO  o.s.b.w.e.tomcat.GracefulShutdown - Graceful shutdown complete
<<<<<<< HEAD
=======
2026-02-05 10:26:08 [background-preinit] INFO  o.h.validator.internal.util.Version - HV000001: Hibernate Validator 8.0.3.Final
2026-02-05 10:26:08 [main] INFO  c.c.ChatsphereBackendApplication - Starting ChatsphereBackendApplication using Java 25.0.1 with PID 20288 (D:\Project\ChatSphere\chatsphere-backend\target\classes started by hetpr in D:\Project\ChatSphere\chatsphere-backend)
2026-02-05 10:26:08 [main] DEBUG c.c.ChatsphereBackendApplication - Running with Spring Boot v3.5.10, Spring v6.2.15
2026-02-05 10:26:08 [main] INFO  c.c.ChatsphereBackendApplication - The following 1 profile is active: "dev"
2026-02-05 10:26:09 [main] INFO  o.s.d.r.c.RepositoryConfigurationDelegate - Bootstrapping Spring Data MongoDB repositories in DEFAULT mode.
2026-02-05 10:26:09 [main] INFO  o.s.d.r.c.RepositoryConfigurationDelegate - Finished Spring Data repository scanning in 76 ms. Found 3 MongoDB repository interfaces.
2026-02-05 10:26:10 [main] INFO  o.s.b.w.e.tomcat.TomcatWebServer - Tomcat initialized with port 4040 (https)
2026-02-05 10:26:10 [main] INFO  o.a.coyote.http11.Http11NioProtocol - Initializing ProtocolHandler ["https-jsse-nio-4040"]
2026-02-05 10:26:10 [main] INFO  o.a.catalina.core.StandardService - Starting service [Tomcat]
2026-02-05 10:26:10 [main] INFO  o.a.catalina.core.StandardEngine - Starting Servlet engine: [Apache Tomcat/10.1.50]
2026-02-05 10:26:10 [main] INFO  o.a.c.c.C.[Tomcat].[localhost].[/] - Initializing Spring embedded WebApplicationContext
2026-02-05 10:26:10 [main] INFO  o.s.b.w.s.c.ServletWebServerApplicationContext - Root WebApplicationContext: initialization completed in 2015 ms
2026-02-05 10:26:10 [main] DEBUG c.c.security.JwtAuthenticationFilter - Filter 'jwtAuthenticationFilter' configured for use
2026-02-05 10:26:10 [main] INFO  org.mongodb.driver.client - MongoClient with metadata {"driver": {"name": "mongo-java-driver|sync", "version": "5.5.2"}, "os": {"type": "Windows", "name": "Windows 11", "architecture": "amd64", "version": "10.0"}, "platform": "Java/Oracle Corporation/25.0.1+8-LTS-27"} created with settings MongoClientSettings{readPreference=primary, writeConcern=WriteConcern{w=null, wTimeout=null ms, journal=null}, retryWrites=true, retryReads=true, readConcern=ReadConcern{level=null}, credential=null, transportSettings=null, commandListeners=[], codecRegistry=ProvidersCodecRegistry{codecProviders=[ValueCodecProvider{}, BsonValueCodecProvider{}, DBRefCodecProvider{}, DBObjectCodecProvider{}, DocumentCodecProvider{}, CollectionCodecProvider{}, IterableCodecProvider{}, MapCodecProvider{}, GeoJsonCodecProvider{}, GridFSFileCodecProvider{}, Jsr310CodecProvider{}, JsonObjectCodecProvider{}, BsonCodecProvider{}, EnumCodecProvider{}, com.mongodb.client.model.mql.ExpressionCodecProvider@67688110, com.mongodb.Jep395RecordCodecProvider@6d293993, com.mongodb.KotlinCodecProvider@475f5672]}, loggerSettings=LoggerSettings{maxDocumentLength=1000}, clusterSettings={hosts=[localhost:27017], srvServiceName=mongodb, mode=SINGLE, requiredClusterType=UNKNOWN, requiredReplicaSetName='null', serverSelector='null', clusterListeners='[]', serverSelectionTimeout='30000 ms', localThreshold='15 ms'}, socketSettings=SocketSettings{connectTimeoutMS=10000, readTimeoutMS=0, receiveBufferSize=0, proxySettings=ProxySettings{host=null, port=null, username=null, password=null}}, heartbeatSocketSettings=SocketSettings{connectTimeoutMS=10000, readTimeoutMS=10000, receiveBufferSize=0, proxySettings=ProxySettings{host=null, port=null, username=null, password=null}}, connectionPoolSettings=ConnectionPoolSettings{maxSize=100, minSize=0, maxWaitTimeMS=120000, maxConnectionLifeTimeMS=0, maxConnectionIdleTimeMS=0, maintenanceInitialDelayMS=0, maintenanceFrequencyMS=60000, connectionPoolListeners=[], maxConnecting=2}, serverSettings=ServerSettings{heartbeatFrequencyMS=10000, minHeartbeatFrequencyMS=500, serverMonitoringMode=AUTO, serverListeners='[]', serverMonitorListeners='[]'}, sslSettings=SslSettings{enabled=false, invalidHostNameAllowed=false, context=null}, applicationName='null', compressorList=[], uuidRepresentation=UNSPECIFIED, serverApi=null, autoEncryptionSettings=null, dnsClient=null, inetAddressResolver=null, contextProvider=null, timeoutMS=null}
2026-02-05 10:26:10 [cluster-ClusterId{value='698422ea340b81efa25e363c', description='null'}-localhost:27017] INFO  org.mongodb.driver.cluster - Monitor thread successfully connected to server with description ServerDescription{address=localhost:27017, type=STANDALONE, cryptd=false, state=CONNECTED, ok=true, minWireVersion=0, maxWireVersion=27, maxDocumentSize=16777216, logicalSessionTimeoutMinutes=30, roundTripTimeNanos=32682800, minRoundTripTimeNanos=0}
2026-02-05 10:26:11 [main] INFO  o.s.s.c.a.a.c.InitializeUserDetailsBeanManagerConfigurer$InitializeUserDetailsManagerConfigurer - Global AuthenticationManager configured with UserDetailsService bean with name customUserDetailsService
2026-02-05 10:26:11 [main] INFO  o.a.coyote.http11.Http11NioProtocol - Starting ProtocolHandler ["https-jsse-nio-4040"]
2026-02-05 10:26:12 [main] INFO  o.a.t.u.net.NioEndpoint.certificate - Connector [https-jsse-nio-4040], TLS virtual host [_default_], certificate type [UNDEFINED] configured from keystore [Set directly - location unknown] using alias [chatsphere] with trust store [null]
2026-02-05 10:26:12 [main] INFO  o.s.b.w.e.tomcat.TomcatWebServer - Tomcat started on port 4040 (https) with context path '/'
2026-02-05 10:26:12 [main] INFO  c.c.ChatsphereBackendApplication - Started ChatsphereBackendApplication in 6.082 seconds (process running for 7.259)
2026-02-05 10:33:05 [background-preinit] INFO  o.h.validator.internal.util.Version - HV000001: Hibernate Validator 8.0.3.Final
2026-02-05 10:33:05 [main] INFO  c.c.ChatsphereBackendApplication - Starting ChatsphereBackendApplication using Java 25.0.1 with PID 48720 (D:\Project\ChatSphere\chatsphere-backend\target\classes started by hetpr in D:\Project\ChatSphere\chatsphere-backend)
2026-02-05 10:33:05 [main] DEBUG c.c.ChatsphereBackendApplication - Running with Spring Boot v3.5.10, Spring v6.2.15
2026-02-05 10:33:05 [main] INFO  c.c.ChatsphereBackendApplication - The following 1 profile is active: "dev"
2026-02-05 10:33:07 [main] INFO  o.s.d.r.c.RepositoryConfigurationDelegate - Bootstrapping Spring Data MongoDB repositories in DEFAULT mode.
2026-02-05 10:33:07 [main] INFO  o.s.d.r.c.RepositoryConfigurationDelegate - Finished Spring Data repository scanning in 337 ms. Found 3 MongoDB repository interfaces.
2026-02-05 10:33:10 [main] INFO  o.s.b.w.e.tomcat.TomcatWebServer - Tomcat initialized with port 4040 (https)
2026-02-05 10:33:10 [main] INFO  o.a.coyote.http11.Http11NioProtocol - Initializing ProtocolHandler ["https-jsse-nio-4040"]
2026-02-05 10:33:10 [main] INFO  o.a.catalina.core.StandardService - Starting service [Tomcat]
2026-02-05 10:33:10 [main] INFO  o.a.catalina.core.StandardEngine - Starting Servlet engine: [Apache Tomcat/10.1.50]
2026-02-05 10:33:10 [main] INFO  o.a.c.c.C.[Tomcat].[localhost].[/] - Initializing Spring embedded WebApplicationContext
2026-02-05 10:33:10 [main] INFO  o.s.b.w.s.c.ServletWebServerApplicationContext - Root WebApplicationContext: initialization completed in 4885 ms
2026-02-05 10:33:10 [main] DEBUG c.c.security.JwtAuthenticationFilter - Filter 'jwtAuthenticationFilter' configured for use
2026-02-05 10:33:10 [main] INFO  org.mongodb.driver.client - MongoClient with metadata {"driver": {"name": "mongo-java-driver|sync", "version": "5.5.2"}, "os": {"type": "Windows", "name": "Windows 11", "architecture": "amd64", "version": "10.0"}, "platform": "Java/Oracle Corporation/25.0.1+8-LTS-27"} created with settings MongoClientSettings{readPreference=primary, writeConcern=WriteConcern{w=null, wTimeout=null ms, journal=null}, retryWrites=true, retryReads=true, readConcern=ReadConcern{level=null}, credential=null, transportSettings=null, commandListeners=[], codecRegistry=ProvidersCodecRegistry{codecProviders=[ValueCodecProvider{}, BsonValueCodecProvider{}, DBRefCodecProvider{}, DBObjectCodecProvider{}, DocumentCodecProvider{}, CollectionCodecProvider{}, IterableCodecProvider{}, MapCodecProvider{}, GeoJsonCodecProvider{}, GridFSFileCodecProvider{}, Jsr310CodecProvider{}, JsonObjectCodecProvider{}, BsonCodecProvider{}, EnumCodecProvider{}, com.mongodb.client.model.mql.ExpressionCodecProvider@1a9ec80e, com.mongodb.Jep395RecordCodecProvider@7fd4e815, com.mongodb.KotlinCodecProvider@5f6b53ed]}, loggerSettings=LoggerSettings{maxDocumentLength=1000}, clusterSettings={hosts=[localhost:27017], srvServiceName=mongodb, mode=SINGLE, requiredClusterType=UNKNOWN, requiredReplicaSetName='null', serverSelector='null', clusterListeners='[]', serverSelectionTimeout='30000 ms', localThreshold='15 ms'}, socketSettings=SocketSettings{connectTimeoutMS=10000, readTimeoutMS=0, receiveBufferSize=0, proxySettings=ProxySettings{host=null, port=null, username=null, password=null}}, heartbeatSocketSettings=SocketSettings{connectTimeoutMS=10000, readTimeoutMS=10000, receiveBufferSize=0, proxySettings=ProxySettings{host=null, port=null, username=null, password=null}}, connectionPoolSettings=ConnectionPoolSettings{maxSize=100, minSize=0, maxWaitTimeMS=120000, maxConnectionLifeTimeMS=0, maxConnectionIdleTimeMS=0, maintenanceInitialDelayMS=0, maintenanceFrequencyMS=60000, connectionPoolListeners=[], maxConnecting=2}, serverSettings=ServerSettings{heartbeatFrequencyMS=10000, minHeartbeatFrequencyMS=500, serverMonitoringMode=AUTO, serverListeners='[]', serverMonitorListeners='[]'}, sslSettings=SslSettings{enabled=false, invalidHostNameAllowed=false, context=null}, applicationName='null', compressorList=[], uuidRepresentation=UNSPECIFIED, serverApi=null, autoEncryptionSettings=null, dnsClient=null, inetAddressResolver=null, contextProvider=null, timeoutMS=null}
2026-02-05 10:33:10 [cluster-ClusterId{value='6984248e2386b821656121cd', description='null'}-localhost:27017] INFO  org.mongodb.driver.cluster - Monitor thread successfully connected to server with description ServerDescription{address=localhost:27017, type=STANDALONE, cryptd=false, state=CONNECTED, ok=true, minWireVersion=0, maxWireVersion=27, maxDocumentSize=16777216, logicalSessionTimeoutMinutes=30, roundTripTimeNanos=44197700, minRoundTripTimeNanos=0}
2026-02-05 10:33:12 [main] INFO  o.s.s.c.a.a.c.InitializeUserDetailsBeanManagerConfigurer$InitializeUserDetailsManagerConfigurer - Global AuthenticationManager configured with UserDetailsService bean with name customUserDetailsService
2026-02-05 10:33:13 [main] INFO  o.a.coyote.http11.Http11NioProtocol - Starting ProtocolHandler ["https-jsse-nio-4040"]
2026-02-05 10:33:14 [main] INFO  o.a.t.u.net.NioEndpoint.certificate - Connector [https-jsse-nio-4040], TLS virtual host [_default_], certificate type [UNDEFINED] configured from keystore [Set directly - location unknown] using alias [chatsphere] with trust store [null]
2026-02-05 10:33:14 [main] INFO  o.s.b.w.e.tomcat.TomcatWebServer - Tomcat started on port 4040 (https) with context path '/'
2026-02-05 10:33:14 [main] INFO  c.c.ChatsphereBackendApplication - Started ChatsphereBackendApplication in 11.045 seconds (process running for 11.961)
2026-02-05 10:37:20 [background-preinit] INFO  o.h.validator.internal.util.Version - HV000001: Hibernate Validator 8.0.3.Final
2026-02-05 10:37:20 [main] INFO  c.c.ChatsphereBackendApplication - Starting ChatsphereBackendApplication using Java 25.0.1 with PID 60752 (D:\Project\ChatSphere\chatsphere-backend\target\classes started by hetpr in D:\Project\ChatSphere\chatsphere-backend)
2026-02-05 10:37:20 [main] DEBUG c.c.ChatsphereBackendApplication - Running with Spring Boot v3.5.10, Spring v6.2.15
2026-02-05 10:37:20 [main] INFO  c.c.ChatsphereBackendApplication - The following 1 profile is active: "dev"
2026-02-05 10:37:21 [main] INFO  o.s.d.r.c.RepositoryConfigurationDelegate - Bootstrapping Spring Data MongoDB repositories in DEFAULT mode.
2026-02-05 10:37:22 [main] INFO  o.s.d.r.c.RepositoryConfigurationDelegate - Finished Spring Data repository scanning in 639 ms. Found 3 MongoDB repository interfaces.
2026-02-05 10:37:23 [main] INFO  o.s.b.w.e.tomcat.TomcatWebServer - Tomcat initialized with port 4040 (https)
2026-02-05 10:37:23 [main] INFO  o.a.coyote.http11.Http11NioProtocol - Initializing ProtocolHandler ["https-jsse-nio-4040"]
2026-02-05 10:37:23 [main] INFO  o.a.catalina.core.StandardService - Starting service [Tomcat]
2026-02-05 10:37:23 [main] INFO  o.a.catalina.core.StandardEngine - Starting Servlet engine: [Apache Tomcat/10.1.50]
2026-02-05 10:37:23 [main] INFO  o.a.c.c.C.[Tomcat].[localhost].[/] - Initializing Spring embedded WebApplicationContext
2026-02-05 10:37:23 [main] INFO  o.s.b.w.s.c.ServletWebServerApplicationContext - Root WebApplicationContext: initialization completed in 2249 ms
2026-02-05 10:37:23 [main] DEBUG c.c.security.JwtAuthenticationFilter - Filter 'jwtAuthenticationFilter' configured for use
2026-02-05 10:37:23 [main] INFO  org.mongodb.driver.client - MongoClient with metadata {"driver": {"name": "mongo-java-driver|sync", "version": "5.5.2"}, "os": {"type": "Windows", "name": "Windows 11", "architecture": "amd64", "version": "10.0"}, "platform": "Java/Oracle Corporation/25.0.1+8-LTS-27"} created with settings MongoClientSettings{readPreference=primary, writeConcern=WriteConcern{w=null, wTimeout=null ms, journal=null}, retryWrites=true, retryReads=true, readConcern=ReadConcern{level=null}, credential=null, transportSettings=null, commandListeners=[], codecRegistry=ProvidersCodecRegistry{codecProviders=[ValueCodecProvider{}, BsonValueCodecProvider{}, DBRefCodecProvider{}, DBObjectCodecProvider{}, DocumentCodecProvider{}, CollectionCodecProvider{}, IterableCodecProvider{}, MapCodecProvider{}, GeoJsonCodecProvider{}, GridFSFileCodecProvider{}, Jsr310CodecProvider{}, JsonObjectCodecProvider{}, BsonCodecProvider{}, EnumCodecProvider{}, com.mongodb.client.model.mql.ExpressionCodecProvider@62d40e31, com.mongodb.Jep395RecordCodecProvider@650aa077, com.mongodb.KotlinCodecProvider@7ce29a2d]}, loggerSettings=LoggerSettings{maxDocumentLength=1000}, clusterSettings={hosts=[localhost:27017], srvServiceName=mongodb, mode=SINGLE, requiredClusterType=UNKNOWN, requiredReplicaSetName='null', serverSelector='null', clusterListeners='[]', serverSelectionTimeout='30000 ms', localThreshold='15 ms'}, socketSettings=SocketSettings{connectTimeoutMS=10000, readTimeoutMS=0, receiveBufferSize=0, proxySettings=ProxySettings{host=null, port=null, username=null, password=null}}, heartbeatSocketSettings=SocketSettings{connectTimeoutMS=10000, readTimeoutMS=10000, receiveBufferSize=0, proxySettings=ProxySettings{host=null, port=null, username=null, password=null}}, connectionPoolSettings=ConnectionPoolSettings{maxSize=100, minSize=0, maxWaitTimeMS=120000, maxConnectionLifeTimeMS=0, maxConnectionIdleTimeMS=0, maintenanceInitialDelayMS=0, maintenanceFrequencyMS=60000, connectionPoolListeners=[], maxConnecting=2}, serverSettings=ServerSettings{heartbeatFrequencyMS=10000, minHeartbeatFrequencyMS=500, serverMonitoringMode=AUTO, serverListeners='[]', serverMonitorListeners='[]'}, sslSettings=SslSettings{enabled=false, invalidHostNameAllowed=false, context=null}, applicationName='null', compressorList=[], uuidRepresentation=UNSPECIFIED, serverApi=null, autoEncryptionSettings=null, dnsClient=null, inetAddressResolver=null, contextProvider=null, timeoutMS=null}
2026-02-05 10:37:23 [cluster-ClusterId{value='6984258be33d020b6fdb0e1d', description='null'}-localhost:27017] INFO  org.mongodb.driver.cluster - Monitor thread successfully connected to server with description ServerDescription{address=localhost:27017, type=STANDALONE, cryptd=false, state=CONNECTED, ok=true, minWireVersion=0, maxWireVersion=27, maxDocumentSize=16777216, logicalSessionTimeoutMinutes=30, roundTripTimeNanos=19699100, minRoundTripTimeNanos=0}
2026-02-05 10:37:24 [main] INFO  o.s.s.c.a.a.c.InitializeUserDetailsBeanManagerConfigurer$InitializeUserDetailsManagerConfigurer - Global AuthenticationManager configured with UserDetailsService bean with name customUserDetailsService
2026-02-05 10:37:24 [main] INFO  o.a.coyote.http11.Http11NioProtocol - Starting ProtocolHandler ["https-jsse-nio-4040"]
2026-02-05 10:37:24 [main] WARN  o.s.b.w.s.c.AnnotationConfigServletWebServerApplicationContext - Exception encountered during context initialization - cancelling refresh attempt: org.springframework.context.ApplicationContextException: Failed to start bean 'webServerStartStop'
2026-02-05 10:37:24 [main] INFO  o.s.b.a.l.ConditionEvaluationReportLogger - 

Error starting ApplicationContext. To display the condition evaluation report re-run your application with 'debug' enabled.
2026-02-05 10:37:25 [main] ERROR o.s.b.d.LoggingFailureAnalysisReporter - 

***************************
APPLICATION FAILED TO START
***************************

Description:

Web server failed to start. Port 4040 was already in use.

Action:

Identify and stop the process that's listening on port 4040 or configure this application to listen on another port.

2026-02-05 10:44:01 [background-preinit] INFO  o.h.validator.internal.util.Version - HV000001: Hibernate Validator 8.0.3.Final
2026-02-05 10:44:01 [main] INFO  c.c.ChatsphereBackendApplication - Starting ChatsphereBackendApplication using Java 25.0.1 with PID 11176 (D:\Project\ChatSphere\chatsphere-backend\target\classes started by hetpr in D:\Project\ChatSphere\chatsphere-backend)
2026-02-05 10:44:01 [main] DEBUG c.c.ChatsphereBackendApplication - Running with Spring Boot v3.5.10, Spring v6.2.15
2026-02-05 10:44:01 [main] INFO  c.c.ChatsphereBackendApplication - The following 1 profile is active: "dev"
2026-02-05 10:44:01 [main] INFO  o.s.d.r.c.RepositoryConfigurationDelegate - Bootstrapping Spring Data MongoDB repositories in DEFAULT mode.
2026-02-05 10:44:02 [main] INFO  o.s.d.r.c.RepositoryConfigurationDelegate - Finished Spring Data repository scanning in 66 ms. Found 3 MongoDB repository interfaces.
2026-02-05 10:44:02 [main] INFO  o.s.b.w.e.tomcat.TomcatWebServer - Tomcat initialized with port 4040 (https)
2026-02-05 10:44:02 [main] INFO  o.a.coyote.http11.Http11NioProtocol - Initializing ProtocolHandler ["https-jsse-nio-4040"]
2026-02-05 10:44:02 [main] INFO  o.a.catalina.core.StandardService - Starting service [Tomcat]
2026-02-05 10:44:02 [main] INFO  o.a.catalina.core.StandardEngine - Starting Servlet engine: [Apache Tomcat/10.1.50]
2026-02-05 10:44:03 [main] INFO  o.a.c.c.C.[Tomcat].[localhost].[/] - Initializing Spring embedded WebApplicationContext
2026-02-05 10:44:03 [main] INFO  o.s.b.w.s.c.ServletWebServerApplicationContext - Root WebApplicationContext: initialization completed in 1789 ms
2026-02-05 10:44:03 [main] DEBUG c.c.security.JwtAuthenticationFilter - Filter 'jwtAuthenticationFilter' configured for use
2026-02-05 10:44:03 [main] INFO  org.mongodb.driver.client - MongoClient with metadata {"driver": {"name": "mongo-java-driver|sync", "version": "5.5.2"}, "os": {"type": "Windows", "name": "Windows 11", "architecture": "amd64", "version": "10.0"}, "platform": "Java/Oracle Corporation/25.0.1+8-LTS-27"} created with settings MongoClientSettings{readPreference=primary, writeConcern=WriteConcern{w=null, wTimeout=null ms, journal=null}, retryWrites=true, retryReads=true, readConcern=ReadConcern{level=null}, credential=null, transportSettings=null, commandListeners=[], codecRegistry=ProvidersCodecRegistry{codecProviders=[ValueCodecProvider{}, BsonValueCodecProvider{}, DBRefCodecProvider{}, DBObjectCodecProvider{}, DocumentCodecProvider{}, CollectionCodecProvider{}, IterableCodecProvider{}, MapCodecProvider{}, GeoJsonCodecProvider{}, GridFSFileCodecProvider{}, Jsr310CodecProvider{}, JsonObjectCodecProvider{}, BsonCodecProvider{}, EnumCodecProvider{}, com.mongodb.client.model.mql.ExpressionCodecProvider@552fee7a, com.mongodb.Jep395RecordCodecProvider@548e43b1, com.mongodb.KotlinCodecProvider@67688110]}, loggerSettings=LoggerSettings{maxDocumentLength=1000}, clusterSettings={hosts=[localhost:27017], srvServiceName=mongodb, mode=SINGLE, requiredClusterType=UNKNOWN, requiredReplicaSetName='null', serverSelector='null', clusterListeners='[]', serverSelectionTimeout='30000 ms', localThreshold='15 ms'}, socketSettings=SocketSettings{connectTimeoutMS=10000, readTimeoutMS=0, receiveBufferSize=0, proxySettings=ProxySettings{host=null, port=null, username=null, password=null}}, heartbeatSocketSettings=SocketSettings{connectTimeoutMS=10000, readTimeoutMS=10000, receiveBufferSize=0, proxySettings=ProxySettings{host=null, port=null, username=null, password=null}}, connectionPoolSettings=ConnectionPoolSettings{maxSize=100, minSize=0, maxWaitTimeMS=120000, maxConnectionLifeTimeMS=0, maxConnectionIdleTimeMS=0, maintenanceInitialDelayMS=0, maintenanceFrequencyMS=60000, connectionPoolListeners=[], maxConnecting=2}, serverSettings=ServerSettings{heartbeatFrequencyMS=10000, minHeartbeatFrequencyMS=500, serverMonitoringMode=AUTO, serverListeners='[]', serverMonitorListeners='[]'}, sslSettings=SslSettings{enabled=false, invalidHostNameAllowed=false, context=null}, applicationName='null', compressorList=[], uuidRepresentation=UNSPECIFIED, serverApi=null, autoEncryptionSettings=null, dnsClient=null, inetAddressResolver=null, contextProvider=null, timeoutMS=null}
2026-02-05 10:44:03 [cluster-ClusterId{value='6984271b2d97b46b7571fc35', description='null'}-localhost:27017] INFO  org.mongodb.driver.cluster - Monitor thread successfully connected to server with description ServerDescription{address=localhost:27017, type=STANDALONE, cryptd=false, state=CONNECTED, ok=true, minWireVersion=0, maxWireVersion=27, maxDocumentSize=16777216, logicalSessionTimeoutMinutes=30, roundTripTimeNanos=32972700, minRoundTripTimeNanos=0}
2026-02-05 10:44:03 [main] INFO  o.s.s.c.a.a.c.InitializeUserDetailsBeanManagerConfigurer$InitializeUserDetailsManagerConfigurer - Global AuthenticationManager configured with UserDetailsService bean with name customUserDetailsService
2026-02-05 10:44:04 [main] INFO  o.a.coyote.http11.Http11NioProtocol - Starting ProtocolHandler ["https-jsse-nio-4040"]
2026-02-05 10:44:04 [main] INFO  o.a.t.u.net.NioEndpoint.certificate - Connector [https-jsse-nio-4040], TLS virtual host [_default_], certificate type [UNDEFINED] configured from keystore [Set directly - location unknown] using alias [chatsphere] with trust store [null]
2026-02-05 10:44:04 [main] INFO  o.s.b.w.e.tomcat.TomcatWebServer - Tomcat started on port 4040 (https) with context path '/'
2026-02-05 10:44:04 [main] INFO  c.c.ChatsphereBackendApplication - Started ChatsphereBackendApplication in 4.256 seconds (process running for 4.689)
2026-02-05 10:44:36 [https-jsse-nio-4040-exec-7] INFO  o.a.c.c.C.[Tomcat].[localhost].[/] - Initializing Spring DispatcherServlet 'dispatcherServlet'
2026-02-05 10:44:36 [https-jsse-nio-4040-exec-7] INFO  o.s.web.servlet.DispatcherServlet - Initializing Servlet 'dispatcherServlet'
2026-02-05 10:44:36 [https-jsse-nio-4040-exec-7] INFO  o.s.web.servlet.DispatcherServlet - Completed initialization in 3 ms
2026-02-05 11:03:27 [background-preinit] INFO  o.h.validator.internal.util.Version - HV000001: Hibernate Validator 8.0.3.Final
2026-02-05 11:03:27 [main] INFO  c.c.ChatsphereBackendApplication - Starting ChatsphereBackendApplication using Java 25.0.1 with PID 15572 (D:\Project\ChatSphere\chatsphere-backend\target\classes started by hetpr in D:\Project\ChatSphere\chatsphere-backend)
2026-02-05 11:03:27 [main] DEBUG c.c.ChatsphereBackendApplication - Running with Spring Boot v3.5.10, Spring v6.2.15
2026-02-05 11:03:27 [main] INFO  c.c.ChatsphereBackendApplication - The following 1 profile is active: "dev"
2026-02-05 11:03:28 [main] INFO  o.s.d.r.c.RepositoryConfigurationDelegate - Bootstrapping Spring Data MongoDB repositories in DEFAULT mode.
2026-02-05 11:03:28 [main] INFO  o.s.d.r.c.RepositoryConfigurationDelegate - Finished Spring Data repository scanning in 562 ms. Found 3 MongoDB repository interfaces.
2026-02-05 11:03:29 [main] INFO  o.s.b.w.e.tomcat.TomcatWebServer - Tomcat initialized with port 4040 (https)
2026-02-05 11:03:29 [main] INFO  o.a.coyote.http11.Http11NioProtocol - Initializing ProtocolHandler ["https-jsse-nio-4040"]
2026-02-05 11:03:29 [main] INFO  o.a.catalina.core.StandardService - Starting service [Tomcat]
2026-02-05 11:03:29 [main] INFO  o.a.catalina.core.StandardEngine - Starting Servlet engine: [Apache Tomcat/10.1.50]
2026-02-05 11:03:29 [main] INFO  o.a.c.c.C.[Tomcat].[localhost].[/] - Initializing Spring embedded WebApplicationContext
2026-02-05 11:03:29 [main] INFO  o.s.b.w.s.c.ServletWebServerApplicationContext - Root WebApplicationContext: initialization completed in 2357 ms
2026-02-05 11:03:29 [main] DEBUG c.c.security.JwtAuthenticationFilter - Filter 'jwtAuthenticationFilter' configured for use
2026-02-05 11:03:29 [main] INFO  org.mongodb.driver.client - MongoClient with metadata {"driver": {"name": "mongo-java-driver|sync", "version": "5.5.2"}, "os": {"type": "Windows", "name": "Windows 11", "architecture": "amd64", "version": "10.0"}, "platform": "Java/Oracle Corporation/25.0.1+8-LTS-27"} created with settings MongoClientSettings{readPreference=primary, writeConcern=WriteConcern{w=null, wTimeout=null ms, journal=null}, retryWrites=true, retryReads=true, readConcern=ReadConcern{level=null}, credential=null, transportSettings=null, commandListeners=[], codecRegistry=ProvidersCodecRegistry{codecProviders=[ValueCodecProvider{}, BsonValueCodecProvider{}, DBRefCodecProvider{}, DBObjectCodecProvider{}, DocumentCodecProvider{}, CollectionCodecProvider{}, IterableCodecProvider{}, MapCodecProvider{}, GeoJsonCodecProvider{}, GridFSFileCodecProvider{}, Jsr310CodecProvider{}, JsonObjectCodecProvider{}, BsonCodecProvider{}, EnumCodecProvider{}, com.mongodb.client.model.mql.ExpressionCodecProvider@67688110, com.mongodb.Jep395RecordCodecProvider@6d293993, com.mongodb.KotlinCodecProvider@475f5672]}, loggerSettings=LoggerSettings{maxDocumentLength=1000}, clusterSettings={hosts=[localhost:27017], srvServiceName=mongodb, mode=SINGLE, requiredClusterType=UNKNOWN, requiredReplicaSetName='null', serverSelector='null', clusterListeners='[]', serverSelectionTimeout='30000 ms', localThreshold='15 ms'}, socketSettings=SocketSettings{connectTimeoutMS=10000, readTimeoutMS=0, receiveBufferSize=0, proxySettings=ProxySettings{host=null, port=null, username=null, password=null}}, heartbeatSocketSettings=SocketSettings{connectTimeoutMS=10000, readTimeoutMS=10000, receiveBufferSize=0, proxySettings=ProxySettings{host=null, port=null, username=null, password=null}}, connectionPoolSettings=ConnectionPoolSettings{maxSize=100, minSize=0, maxWaitTimeMS=120000, maxConnectionLifeTimeMS=0, maxConnectionIdleTimeMS=0, maintenanceInitialDelayMS=0, maintenanceFrequencyMS=60000, connectionPoolListeners=[], maxConnecting=2}, serverSettings=ServerSettings{heartbeatFrequencyMS=10000, minHeartbeatFrequencyMS=500, serverMonitoringMode=AUTO, serverListeners='[]', serverMonitorListeners='[]'}, sslSettings=SslSettings{enabled=false, invalidHostNameAllowed=false, context=null}, applicationName='null', compressorList=[], uuidRepresentation=UNSPECIFIED, serverApi=null, autoEncryptionSettings=null, dnsClient=null, inetAddressResolver=null, contextProvider=null, timeoutMS=null}
2026-02-05 11:03:30 [cluster-ClusterId{value='69842ba90639a3215aac4446', description='null'}-localhost:27017] INFO  org.mongodb.driver.cluster - Monitor thread successfully connected to server with description ServerDescription{address=localhost:27017, type=STANDALONE, cryptd=false, state=CONNECTED, ok=true, minWireVersion=0, maxWireVersion=27, maxDocumentSize=16777216, logicalSessionTimeoutMinutes=30, roundTripTimeNanos=182334700, minRoundTripTimeNanos=0}
2026-02-05 11:03:31 [main] INFO  o.s.s.c.a.a.c.InitializeUserDetailsBeanManagerConfigurer$InitializeUserDetailsManagerConfigurer - Global AuthenticationManager configured with UserDetailsService bean with name customUserDetailsService
2026-02-05 11:03:31 [main] INFO  o.a.coyote.http11.Http11NioProtocol - Starting ProtocolHandler ["https-jsse-nio-4040"]
2026-02-05 11:03:31 [main] WARN  o.s.b.w.s.c.AnnotationConfigServletWebServerApplicationContext - Exception encountered during context initialization - cancelling refresh attempt: org.springframework.context.ApplicationContextException: Failed to start bean 'webServerStartStop'
2026-02-05 11:03:31 [main] INFO  o.s.b.a.l.ConditionEvaluationReportLogger - 

Error starting ApplicationContext. To display the condition evaluation report re-run your application with 'debug' enabled.
2026-02-05 11:03:31 [main] ERROR o.s.b.d.LoggingFailureAnalysisReporter - 

***************************
APPLICATION FAILED TO START
***************************

Description:

Web server failed to start. Port 4040 was already in use.

Action:

Identify and stop the process that's listening on port 4040 or configure this application to listen on another port.

2026-02-05 11:05:05 [background-preinit] INFO  o.h.validator.internal.util.Version - HV000001: Hibernate Validator 8.0.3.Final
2026-02-05 11:05:05 [main] INFO  c.c.ChatsphereBackendApplication - Starting ChatsphereBackendApplication using Java 25.0.1 with PID 15048 (D:\Project\ChatSphere\chatsphere-backend\target\classes started by hetpr in D:\Project\ChatSphere\chatsphere-backend)
2026-02-05 11:05:05 [main] DEBUG c.c.ChatsphereBackendApplication - Running with Spring Boot v3.5.10, Spring v6.2.15
2026-02-05 11:05:05 [main] INFO  c.c.ChatsphereBackendApplication - The following 1 profile is active: "dev"
2026-02-05 11:05:06 [main] INFO  o.s.d.r.c.RepositoryConfigurationDelegate - Bootstrapping Spring Data MongoDB repositories in DEFAULT mode.
2026-02-05 11:05:06 [main] INFO  o.s.d.r.c.RepositoryConfigurationDelegate - Finished Spring Data repository scanning in 101 ms. Found 3 MongoDB repository interfaces.
2026-02-05 11:05:07 [main] INFO  o.s.b.w.e.tomcat.TomcatWebServer - Tomcat initialized with port 4040 (https)
2026-02-05 11:05:07 [main] INFO  o.a.coyote.http11.Http11NioProtocol - Initializing ProtocolHandler ["https-jsse-nio-4040"]
2026-02-05 11:05:07 [main] INFO  o.a.catalina.core.StandardService - Starting service [Tomcat]
2026-02-05 11:05:07 [main] INFO  o.a.catalina.core.StandardEngine - Starting Servlet engine: [Apache Tomcat/10.1.50]
2026-02-05 11:05:07 [main] INFO  o.a.c.c.C.[Tomcat].[localhost].[/] - Initializing Spring embedded WebApplicationContext
2026-02-05 11:05:07 [main] INFO  o.s.b.w.s.c.ServletWebServerApplicationContext - Root WebApplicationContext: initialization completed in 2124 ms
2026-02-05 11:05:07 [main] DEBUG c.c.security.JwtAuthenticationFilter - Filter 'jwtAuthenticationFilter' configured for use
2026-02-05 11:05:07 [main] INFO  org.mongodb.driver.client - MongoClient with metadata {"driver": {"name": "mongo-java-driver|sync", "version": "5.5.2"}, "os": {"type": "Windows", "name": "Windows 11", "architecture": "amd64", "version": "10.0"}, "platform": "Java/Oracle Corporation/25.0.1+8-LTS-27"} created with settings MongoClientSettings{readPreference=primary, writeConcern=WriteConcern{w=null, wTimeout=null ms, journal=null}, retryWrites=true, retryReads=true, readConcern=ReadConcern{level=null}, credential=null, transportSettings=null, commandListeners=[], codecRegistry=ProvidersCodecRegistry{codecProviders=[ValueCodecProvider{}, BsonValueCodecProvider{}, DBRefCodecProvider{}, DBObjectCodecProvider{}, DocumentCodecProvider{}, CollectionCodecProvider{}, IterableCodecProvider{}, MapCodecProvider{}, GeoJsonCodecProvider{}, GridFSFileCodecProvider{}, Jsr310CodecProvider{}, JsonObjectCodecProvider{}, BsonCodecProvider{}, EnumCodecProvider{}, com.mongodb.client.model.mql.ExpressionCodecProvider@475f5672, com.mongodb.Jep395RecordCodecProvider@616a06e3, com.mongodb.KotlinCodecProvider@42297bdf]}, loggerSettings=LoggerSettings{maxDocumentLength=1000}, clusterSettings={hosts=[localhost:27017], srvServiceName=mongodb, mode=SINGLE, requiredClusterType=UNKNOWN, requiredReplicaSetName='null', serverSelector='null', clusterListeners='[]', serverSelectionTimeout='30000 ms', localThreshold='15 ms'}, socketSettings=SocketSettings{connectTimeoutMS=10000, readTimeoutMS=0, receiveBufferSize=0, proxySettings=ProxySettings{host=null, port=null, username=null, password=null}}, heartbeatSocketSettings=SocketSettings{connectTimeoutMS=10000, readTimeoutMS=10000, receiveBufferSize=0, proxySettings=ProxySettings{host=null, port=null, username=null, password=null}}, connectionPoolSettings=ConnectionPoolSettings{maxSize=100, minSize=0, maxWaitTimeMS=120000, maxConnectionLifeTimeMS=0, maxConnectionIdleTimeMS=0, maintenanceInitialDelayMS=0, maintenanceFrequencyMS=60000, connectionPoolListeners=[], maxConnecting=2}, serverSettings=ServerSettings{heartbeatFrequencyMS=10000, minHeartbeatFrequencyMS=500, serverMonitoringMode=AUTO, serverListeners='[]', serverMonitorListeners='[]'}, sslSettings=SslSettings{enabled=false, invalidHostNameAllowed=false, context=null}, applicationName='null', compressorList=[], uuidRepresentation=UNSPECIFIED, serverApi=null, autoEncryptionSettings=null, dnsClient=null, inetAddressResolver=null, contextProvider=null, timeoutMS=null}
2026-02-05 11:05:07 [cluster-ClusterId{value='69842c0b06197451860518b3', description='null'}-localhost:27017] INFO  org.mongodb.driver.cluster - Monitor thread successfully connected to server with description ServerDescription{address=localhost:27017, type=STANDALONE, cryptd=false, state=CONNECTED, ok=true, minWireVersion=0, maxWireVersion=27, maxDocumentSize=16777216, logicalSessionTimeoutMinutes=30, roundTripTimeNanos=37994400, minRoundTripTimeNanos=0}
2026-02-05 11:05:08 [main] INFO  o.s.s.c.a.a.c.InitializeUserDetailsBeanManagerConfigurer$InitializeUserDetailsManagerConfigurer - Global AuthenticationManager configured with UserDetailsService bean with name customUserDetailsService
2026-02-05 11:05:08 [main] INFO  o.a.coyote.http11.Http11NioProtocol - Starting ProtocolHandler ["https-jsse-nio-4040"]
2026-02-05 11:05:09 [main] INFO  o.a.t.u.net.NioEndpoint.certificate - Connector [https-jsse-nio-4040], TLS virtual host [_default_], certificate type [UNDEFINED] configured from keystore [Set directly - location unknown] using alias [chatsphere] with trust store [null]
2026-02-05 11:05:09 [main] INFO  o.s.b.w.e.tomcat.TomcatWebServer - Tomcat started on port 4040 (https) with context path '/'
2026-02-05 11:05:09 [main] INFO  c.c.ChatsphereBackendApplication - Started ChatsphereBackendApplication in 4.934 seconds (process running for 5.319)
2026-02-05 11:06:01 [https-jsse-nio-4040-exec-5] INFO  o.a.c.c.C.[Tomcat].[localhost].[/] - Initializing Spring DispatcherServlet 'dispatcherServlet'
2026-02-05 11:06:01 [https-jsse-nio-4040-exec-5] INFO  o.s.web.servlet.DispatcherServlet - Initializing Servlet 'dispatcherServlet'
2026-02-05 11:06:01 [https-jsse-nio-4040-exec-5] INFO  o.s.web.servlet.DispatcherServlet - Completed initialization in 2 ms
2026-02-05 11:08:06 [SpringApplicationShutdownHook] INFO  o.s.b.w.e.tomcat.GracefulShutdown - Commencing graceful shutdown. Waiting for active requests to complete
2026-02-05 11:08:06 [tomcat-shutdown] INFO  o.s.b.w.e.tomcat.GracefulShutdown - Graceful shutdown complete
2026-02-05 11:08:06 [SpringApplicationShutdownHook] WARN  o.s.w.s.h.ExceptionWebSocketHandlerDecorator - Unhandled exception after connection closed for ExceptionWebSocketHandlerDecorator [delegate=LoggingWebSocketHandlerDecorator [delegate=com.chatsphere.websocket.ChatWebSocketHandler@5c9e8a67]]
org.springframework.data.mongodb.ClientSessionException: state should be: open
	at org.springframework.data.mongodb.core.MongoExceptionTranslator.doTranslateException(MongoExceptionTranslator.java:159)
	at org.springframework.data.mongodb.core.MongoExceptionTranslator.translateExceptionIfPossible(MongoExceptionTranslator.java:74)
	at org.springframework.data.mongodb.core.MongoTemplate.potentiallyConvertRuntimeException(MongoTemplate.java:3043)
	at org.springframework.data.mongodb.core.MongoTemplate.executeFindOneInternal(MongoTemplate.java:2921)
	at org.springframework.data.mongodb.core.MongoTemplate.doFindOne(MongoTemplate.java:2573)
	at org.springframework.data.mongodb.core.MongoTemplate.findOne(MongoTemplate.java:848)
	at org.springframework.data.mongodb.repository.support.SimpleMongoRepository.findById(SimpleMongoRepository.java:130)
	at java.base/jdk.internal.reflect.DirectMethodHandleAccessor.invoke(DirectMethodHandleAccessor.java:104)
	at java.base/java.lang.reflect.Method.invoke(Method.java:565)
	at org.springframework.aop.support.AopUtils.invokeJoinpointUsingReflection(AopUtils.java:360)
	at org.springframework.data.repository.core.support.RepositoryMethodInvoker$RepositoryFragmentMethodInvoker.lambda$new$0(RepositoryMethodInvoker.java:277)
	at org.springframework.data.repository.core.support.RepositoryMethodInvoker.doInvoke(RepositoryMethodInvoker.java:170)
	at org.springframework.data.repository.core.support.RepositoryMethodInvoker.invoke(RepositoryMethodInvoker.java:158)
	at org.springframework.data.repository.core.support.RepositoryComposition$RepositoryFragments.invoke(RepositoryComposition.java:515)
	at org.springframework.data.repository.core.support.RepositoryComposition.invoke(RepositoryComposition.java:284)
	at org.springframework.data.repository.core.support.RepositoryFactorySupport$ImplementationMethodExecutionInterceptor.invoke(RepositoryFactorySupport.java:720)
	at org.springframework.aop.framework.ReflectiveMethodInvocation.proceed(ReflectiveMethodInvocation.java:184)
	at org.springframework.data.repository.core.support.QueryExecutorMethodInterceptor.doInvoke(QueryExecutorMethodInterceptor.java:174)
	at org.springframework.data.repository.core.support.QueryExecutorMethodInterceptor.invoke(QueryExecutorMethodInterceptor.java:149)
	at org.springframework.aop.framework.ReflectiveMethodInvocation.proceed(ReflectiveMethodInvocation.java:184)
	at org.springframework.data.projection.DefaultMethodInvokingMethodInterceptor.invoke(DefaultMethodInvokingMethodInterceptor.java:69)
	at org.springframework.aop.framework.ReflectiveMethodInvocation.proceed(ReflectiveMethodInvocation.java:184)
	at org.springframework.data.mongodb.repository.support.CrudMethodMetadataPostProcessor$CrudMethodMetadataPopulatingMethodInterceptor.invoke(CrudMethodMetadataPostProcessor.java:158)
	at org.springframework.aop.framework.ReflectiveMethodInvocation.proceed(ReflectiveMethodInvocation.java:184)
	at org.springframework.aop.framework.JdkDynamicAopProxy.invoke(JdkDynamicAopProxy.java:223)
	at jdk.proxy2/jdk.proxy2.$Proxy73.findById(Unknown Source)
	at com.chatsphere.presence.PresenceService.markOffline(PresenceService.java:28)
	at com.chatsphere.websocket.ChatWebSocketHandler.afterConnectionClosed(ChatWebSocketHandler.java:103)
	at org.springframework.web.socket.handler.WebSocketHandlerDecorator.afterConnectionClosed(WebSocketHandlerDecorator.java:85)
	at org.springframework.web.socket.handler.LoggingWebSocketHandlerDecorator.afterConnectionClosed(LoggingWebSocketHandlerDecorator.java:72)
	at org.springframework.web.socket.handler.ExceptionWebSocketHandlerDecorator.afterConnectionClosed(ExceptionWebSocketHandlerDecorator.java:78)
	at org.springframework.web.socket.adapter.standard.StandardWebSocketHandlerAdapter.onClose(StandardWebSocketHandlerAdapter.java:144)
	at org.apache.tomcat.websocket.WsSession.fireEndpointOnClose(WsSession.java:718)
	at org.apache.tomcat.websocket.WsSession.doClose(WsSession.java:575)
	at org.apache.tomcat.websocket.WsSession.doClose(WsSession.java:541)
	at org.apache.tomcat.websocket.WsSession.close(WsSession.java:529)
	at org.apache.tomcat.websocket.WsWebSocketContainer.destroy(WsWebSocketContainer.java:1034)
	at org.apache.tomcat.websocket.server.WsContextListener.contextDestroyed(WsContextListener.java:46)
	at org.apache.catalina.core.StandardContext.listenerStop(StandardContext.java:4078)
	at org.apache.catalina.core.StandardContext.stopInternal(StandardContext.java:4688)
	at org.apache.catalina.util.LifecycleBase.stop(LifecycleBase.java:235)
	at org.apache.catalina.core.ContainerBase$StopChild.call(ContainerBase.java:1217)
	at org.apache.catalina.core.ContainerBase$StopChild.call(ContainerBase.java:1206)
	at java.base/java.util.concurrent.FutureTask.run(FutureTask.java:328)
	at org.apache.tomcat.util.threads.InlineExecutorService.execute(InlineExecutorService.java:81)
	at java.base/java.util.concurrent.AbstractExecutorService.submit(AbstractExecutorService.java:149)
	at org.apache.catalina.core.ContainerBase.stopInternal(ContainerBase.java:812)
	at org.apache.catalina.util.LifecycleBase.stop(LifecycleBase.java:235)
	at org.apache.catalina.core.ContainerBase$StopChild.call(ContainerBase.java:1217)
	at org.apache.catalina.core.ContainerBase$StopChild.call(ContainerBase.java:1206)
	at java.base/java.util.concurrent.FutureTask.run(FutureTask.java:328)
	at org.apache.tomcat.util.threads.InlineExecutorService.execute(InlineExecutorService.java:81)
	at java.base/java.util.concurrent.AbstractExecutorService.submit(AbstractExecutorService.java:149)
	at org.apache.catalina.core.ContainerBase.stopInternal(ContainerBase.java:812)
	at org.apache.catalina.util.LifecycleBase.stop(LifecycleBase.java:235)
	at org.apache.catalina.core.StandardService.stopInternal(StandardService.java:466)
	at org.apache.catalina.util.LifecycleBase.stop(LifecycleBase.java:235)
	at org.apache.catalina.core.StandardServer.stopInternal(StandardServer.java:913)
	at org.apache.catalina.util.LifecycleBase.stop(LifecycleBase.java:235)
	at org.apache.catalina.startup.Tomcat.stop(Tomcat.java:446)
	at org.springframework.boot.web.embedded.tomcat.TomcatWebServer.stopTomcat(TomcatWebServer.java:301)
	at org.springframework.boot.web.embedded.tomcat.TomcatWebServer.destroy(TomcatWebServer.java:374)
	at org.springframework.boot.web.servlet.context.ServletWebServerApplicationContext.doClose(ServletWebServerApplicationContext.java:182)
	at org.springframework.context.support.AbstractApplicationContext.close(AbstractApplicationContext.java:1129)
	at org.springframework.boot.SpringApplicationShutdownHook.closeAndWait(SpringApplicationShutdownHook.java:147)
	at java.base/java.lang.Iterable.forEach(Iterable.java:75)
	at org.springframework.boot.SpringApplicationShutdownHook.run(SpringApplicationShutdownHook.java:116)
	at java.base/java.lang.Thread.run(Thread.java:1474)
Caused by: java.lang.IllegalStateException: state should be: open
	at com.mongodb.assertions.Assertions.isTrue(Assertions.java:91)
	at com.mongodb.internal.connection.BaseCluster.selectServer(BaseCluster.java:126)
	at com.mongodb.internal.connection.SingleServerCluster.selectServer(SingleServerCluster.java:47)
	at com.mongodb.internal.binding.ClusterBinding.getReadConnectionSource(ClusterBinding.java:82)
	at com.mongodb.client.internal.ClientSessionBinding.getConnectionSource(ClientSessionBinding.java:108)
	at com.mongodb.client.internal.ClientSessionBinding.getReadConnectionSource(ClientSessionBinding.java:88)
	at com.mongodb.internal.operation.SyncOperationHelper.withSuppliedResource(SyncOperationHelper.java:148)
	at com.mongodb.internal.operation.SyncOperationHelper.withSourceAndConnection(SyncOperationHelper.java:129)
	at com.mongodb.internal.operation.FindOperation.lambda$execute$2(FindOperation.java:296)
	at com.mongodb.internal.operation.SyncOperationHelper.lambda$decorateReadWithRetries$13(SyncOperationHelper.java:317)
	at com.mongodb.internal.async.function.RetryingSyncSupplier.get(RetryingSyncSupplier.java:67)
	at com.mongodb.internal.operation.FindOperation.execute(FindOperation.java:307)
	at com.mongodb.internal.operation.FindOperation.execute(FindOperation.java:70)
	at com.mongodb.client.internal.MongoClusterImpl$OperationExecutorImpl.execute(MongoClusterImpl.java:424)
	at com.mongodb.client.internal.FindIterableImpl.first(FindIterableImpl.java:210)
	at org.springframework.data.mongodb.core.MongoTemplate$FindOneCallback.doInCollection(MongoTemplate.java:3083)
	at org.springframework.data.mongodb.core.MongoTemplate$FindOneCallback.doInCollection(MongoTemplate.java:3057)
	at org.springframework.data.mongodb.core.MongoTemplate.executeFindOneInternal(MongoTemplate.java:2918)
	... 64 common frames omitted
2026-02-05 11:10:53 [background-preinit] INFO  o.h.validator.internal.util.Version - HV000001: Hibernate Validator 8.0.3.Final
2026-02-05 11:10:53 [main] INFO  c.c.ChatsphereBackendApplication - Starting ChatsphereBackendApplication using Java 25.0.1 with PID 15664 (D:\Project\ChatSphere\chatsphere-backend\target\classes started by hetpr in D:\Project\ChatSphere\chatsphere-backend)
2026-02-05 11:10:53 [main] DEBUG c.c.ChatsphereBackendApplication - Running with Spring Boot v3.5.10, Spring v6.2.15
2026-02-05 11:10:53 [main] INFO  c.c.ChatsphereBackendApplication - The following 1 profile is active: "dev"
2026-02-05 11:10:54 [main] INFO  o.s.d.r.c.RepositoryConfigurationDelegate - Bootstrapping Spring Data MongoDB repositories in DEFAULT mode.
2026-02-05 11:10:54 [main] INFO  o.s.d.r.c.RepositoryConfigurationDelegate - Finished Spring Data repository scanning in 85 ms. Found 3 MongoDB repository interfaces.
2026-02-05 11:10:55 [main] INFO  o.s.b.w.e.tomcat.TomcatWebServer - Tomcat initialized with port 4040 (https)
2026-02-05 11:10:55 [main] INFO  o.a.coyote.http11.Http11NioProtocol - Initializing ProtocolHandler ["https-jsse-nio-4040"]
2026-02-05 11:10:55 [main] INFO  o.a.catalina.core.StandardService - Starting service [Tomcat]
2026-02-05 11:10:55 [main] INFO  o.a.catalina.core.StandardEngine - Starting Servlet engine: [Apache Tomcat/10.1.50]
2026-02-05 11:10:55 [main] INFO  o.a.c.c.C.[Tomcat].[localhost].[/] - Initializing Spring embedded WebApplicationContext
2026-02-05 11:10:55 [main] INFO  o.s.b.w.s.c.ServletWebServerApplicationContext - Root WebApplicationContext: initialization completed in 2188 ms
2026-02-05 11:10:55 [main] DEBUG c.c.security.JwtAuthenticationFilter - Filter 'jwtAuthenticationFilter' configured for use
2026-02-05 11:10:55 [main] INFO  org.mongodb.driver.client - MongoClient with metadata {"driver": {"name": "mongo-java-driver|sync", "version": "5.5.2"}, "os": {"type": "Windows", "name": "Windows 11", "architecture": "amd64", "version": "10.0"}, "platform": "Java/Oracle Corporation/25.0.1+8-LTS-27"} created with settings MongoClientSettings{readPreference=primary, writeConcern=WriteConcern{w=null, wTimeout=null ms, journal=null}, retryWrites=true, retryReads=true, readConcern=ReadConcern{level=null}, credential=null, transportSettings=null, commandListeners=[], codecRegistry=ProvidersCodecRegistry{codecProviders=[ValueCodecProvider{}, BsonValueCodecProvider{}, DBRefCodecProvider{}, DBObjectCodecProvider{}, DocumentCodecProvider{}, CollectionCodecProvider{}, IterableCodecProvider{}, MapCodecProvider{}, GeoJsonCodecProvider{}, GridFSFileCodecProvider{}, Jsr310CodecProvider{}, JsonObjectCodecProvider{}, BsonCodecProvider{}, EnumCodecProvider{}, com.mongodb.client.model.mql.ExpressionCodecProvider@781aff8b, com.mongodb.Jep395RecordCodecProvider@7fbf26fc, com.mongodb.KotlinCodecProvider@11c78080]}, loggerSettings=LoggerSettings{maxDocumentLength=1000}, clusterSettings={hosts=[localhost:27017], srvServiceName=mongodb, mode=SINGLE, requiredClusterType=UNKNOWN, requiredReplicaSetName='null', serverSelector='null', clusterListeners='[]', serverSelectionTimeout='30000 ms', localThreshold='15 ms'}, socketSettings=SocketSettings{connectTimeoutMS=10000, readTimeoutMS=0, receiveBufferSize=0, proxySettings=ProxySettings{host=null, port=null, username=null, password=null}}, heartbeatSocketSettings=SocketSettings{connectTimeoutMS=10000, readTimeoutMS=10000, receiveBufferSize=0, proxySettings=ProxySettings{host=null, port=null, username=null, password=null}}, connectionPoolSettings=ConnectionPoolSettings{maxSize=100, minSize=0, maxWaitTimeMS=120000, maxConnectionLifeTimeMS=0, maxConnectionIdleTimeMS=0, maintenanceInitialDelayMS=0, maintenanceFrequencyMS=60000, connectionPoolListeners=[], maxConnecting=2}, serverSettings=ServerSettings{heartbeatFrequencyMS=10000, minHeartbeatFrequencyMS=500, serverMonitoringMode=AUTO, serverListeners='[]', serverMonitorListeners='[]'}, sslSettings=SslSettings{enabled=false, invalidHostNameAllowed=false, context=null}, applicationName='null', compressorList=[], uuidRepresentation=UNSPECIFIED, serverApi=null, autoEncryptionSettings=null, dnsClient=null, inetAddressResolver=null, contextProvider=null, timeoutMS=null}
2026-02-05 11:10:55 [cluster-ClusterId{value='69842d67c8984e63273875fb', description='null'}-localhost:27017] INFO  org.mongodb.driver.cluster - Monitor thread successfully connected to server with description ServerDescription{address=localhost:27017, type=STANDALONE, cryptd=false, state=CONNECTED, ok=true, minWireVersion=0, maxWireVersion=27, maxDocumentSize=16777216, logicalSessionTimeoutMinutes=30, roundTripTimeNanos=36586300, minRoundTripTimeNanos=0}
2026-02-05 11:10:56 [main] INFO  o.s.s.c.a.a.c.InitializeUserDetailsBeanManagerConfigurer$InitializeUserDetailsManagerConfigurer - Global AuthenticationManager configured with UserDetailsService bean with name customUserDetailsService
2026-02-05 11:10:56 [main] INFO  o.a.coyote.http11.Http11NioProtocol - Starting ProtocolHandler ["https-jsse-nio-4040"]
2026-02-05 11:10:57 [main] INFO  o.a.t.u.net.NioEndpoint.certificate - Connector [https-jsse-nio-4040], TLS virtual host [_default_], certificate type [UNDEFINED] configured from keystore [Set directly - location unknown] using alias [chatsphere] with trust store [null]
2026-02-05 11:10:57 [main] INFO  o.s.b.w.e.tomcat.TomcatWebServer - Tomcat started on port 4040 (https) with context path '/'
2026-02-05 11:10:57 [main] INFO  c.c.ChatsphereBackendApplication - Started ChatsphereBackendApplication in 4.821 seconds (process running for 5.205)
2026-02-05 11:11:29 [https-jsse-nio-4040-exec-6] INFO  o.a.c.c.C.[Tomcat].[localhost].[/] - Initializing Spring DispatcherServlet 'dispatcherServlet'
2026-02-05 11:11:29 [https-jsse-nio-4040-exec-6] INFO  o.s.web.servlet.DispatcherServlet - Initializing Servlet 'dispatcherServlet'
2026-02-05 11:11:29 [https-jsse-nio-4040-exec-6] INFO  o.s.web.servlet.DispatcherServlet - Completed initialization in 2 ms
2026-02-05 11:12:42 [SpringApplicationShutdownHook] INFO  o.s.b.w.e.tomcat.GracefulShutdown - Commencing graceful shutdown. Waiting for active requests to complete
2026-02-05 11:12:42 [tomcat-shutdown] INFO  o.s.b.w.e.tomcat.GracefulShutdown - Graceful shutdown complete
2026-02-05 11:12:42 [SpringApplicationShutdownHook] ERROR c.c.presence.PresenceService - Failed to mark user 69842c4206197451860518b4 as offline: state should be: open
2026-02-05 11:14:43 [background-preinit] INFO  o.h.validator.internal.util.Version - HV000001: Hibernate Validator 8.0.3.Final
2026-02-05 11:14:43 [main] INFO  c.c.ChatsphereBackendApplication - Starting ChatsphereBackendApplication using Java 25.0.1 with PID 33460 (D:\Project\ChatSphere\chatsphere-backend\target\classes started by hetpr in D:\Project\ChatSphere\chatsphere-backend)
2026-02-05 11:14:43 [main] DEBUG c.c.ChatsphereBackendApplication - Running with Spring Boot v3.5.10, Spring v6.2.15
2026-02-05 11:14:43 [main] INFO  c.c.ChatsphereBackendApplication - The following 1 profile is active: "dev"
2026-02-05 11:14:45 [main] INFO  o.s.d.r.c.RepositoryConfigurationDelegate - Bootstrapping Spring Data MongoDB repositories in DEFAULT mode.
2026-02-05 11:14:45 [main] INFO  o.s.d.r.c.RepositoryConfigurationDelegate - Finished Spring Data repository scanning in 135 ms. Found 3 MongoDB repository interfaces.
2026-02-05 11:14:48 [main] INFO  o.s.b.w.e.tomcat.TomcatWebServer - Tomcat initialized with port 4040 (https)
2026-02-05 11:14:48 [main] INFO  o.a.coyote.http11.Http11NioProtocol - Initializing ProtocolHandler ["https-jsse-nio-4040"]
2026-02-05 11:14:48 [main] INFO  o.a.catalina.core.StandardService - Starting service [Tomcat]
2026-02-05 11:14:48 [main] INFO  o.a.catalina.core.StandardEngine - Starting Servlet engine: [Apache Tomcat/10.1.50]
2026-02-05 11:14:48 [main] INFO  o.a.c.c.C.[Tomcat].[localhost].[/] - Initializing Spring embedded WebApplicationContext
2026-02-05 11:14:48 [main] INFO  o.s.b.w.s.c.ServletWebServerApplicationContext - Root WebApplicationContext: initialization completed in 4542 ms
2026-02-05 11:14:48 [main] DEBUG c.c.security.JwtAuthenticationFilter - Filter 'jwtAuthenticationFilter' configured for use
2026-02-05 11:14:48 [main] INFO  org.mongodb.driver.client - MongoClient with metadata {"driver": {"name": "mongo-java-driver|sync", "version": "5.5.2"}, "os": {"type": "Windows", "name": "Windows 11", "architecture": "amd64", "version": "10.0"}, "platform": "Java/Oracle Corporation/25.0.1+8-LTS-27"} created with settings MongoClientSettings{readPreference=primary, writeConcern=WriteConcern{w=null, wTimeout=null ms, journal=null}, retryWrites=true, retryReads=true, readConcern=ReadConcern{level=null}, credential=null, transportSettings=null, commandListeners=[], codecRegistry=ProvidersCodecRegistry{codecProviders=[ValueCodecProvider{}, BsonValueCodecProvider{}, DBRefCodecProvider{}, DBObjectCodecProvider{}, DocumentCodecProvider{}, CollectionCodecProvider{}, IterableCodecProvider{}, MapCodecProvider{}, GeoJsonCodecProvider{}, GridFSFileCodecProvider{}, Jsr310CodecProvider{}, JsonObjectCodecProvider{}, BsonCodecProvider{}, EnumCodecProvider{}, com.mongodb.client.model.mql.ExpressionCodecProvider@5b5f9003, com.mongodb.Jep395RecordCodecProvider@7c11d32, com.mongodb.KotlinCodecProvider@2f9dda71]}, loggerSettings=LoggerSettings{maxDocumentLength=1000}, clusterSettings={hosts=[localhost:27017], srvServiceName=mongodb, mode=SINGLE, requiredClusterType=UNKNOWN, requiredReplicaSetName='null', serverSelector='null', clusterListeners='[]', serverSelectionTimeout='30000 ms', localThreshold='15 ms'}, socketSettings=SocketSettings{connectTimeoutMS=10000, readTimeoutMS=0, receiveBufferSize=0, proxySettings=ProxySettings{host=null, port=null, username=null, password=null}}, heartbeatSocketSettings=SocketSettings{connectTimeoutMS=10000, readTimeoutMS=10000, receiveBufferSize=0, proxySettings=ProxySettings{host=null, port=null, username=null, password=null}}, connectionPoolSettings=ConnectionPoolSettings{maxSize=100, minSize=0, maxWaitTimeMS=120000, maxConnectionLifeTimeMS=0, maxConnectionIdleTimeMS=0, maintenanceInitialDelayMS=0, maintenanceFrequencyMS=60000, connectionPoolListeners=[], maxConnecting=2}, serverSettings=ServerSettings{heartbeatFrequencyMS=10000, minHeartbeatFrequencyMS=500, serverMonitoringMode=AUTO, serverListeners='[]', serverMonitorListeners='[]'}, sslSettings=SslSettings{enabled=false, invalidHostNameAllowed=false, context=null}, applicationName='null', compressorList=[], uuidRepresentation=UNSPECIFIED, serverApi=null, autoEncryptionSettings=null, dnsClient=null, inetAddressResolver=null, contextProvider=null, timeoutMS=null}
2026-02-05 11:14:48 [cluster-ClusterId{value='69842e5033de32ccd9988574', description='null'}-localhost:27017] INFO  org.mongodb.driver.cluster - Monitor thread successfully connected to server with description ServerDescription{address=localhost:27017, type=STANDALONE, cryptd=false, state=CONNECTED, ok=true, minWireVersion=0, maxWireVersion=27, maxDocumentSize=16777216, logicalSessionTimeoutMinutes=30, roundTripTimeNanos=53052600, minRoundTripTimeNanos=0}
2026-02-05 11:14:49 [main] INFO  o.s.s.c.a.a.c.InitializeUserDetailsBeanManagerConfigurer$InitializeUserDetailsManagerConfigurer - Global AuthenticationManager configured with UserDetailsService bean with name customUserDetailsService
2026-02-05 11:14:50 [main] INFO  o.a.coyote.http11.Http11NioProtocol - Starting ProtocolHandler ["https-jsse-nio-4040"]
2026-02-05 11:14:50 [main] INFO  o.a.t.u.net.NioEndpoint.certificate - Connector [https-jsse-nio-4040], TLS virtual host [_default_], certificate type [UNDEFINED] configured from keystore [Set directly - location unknown] using alias [chatsphere] with trust store [null]
2026-02-05 11:14:50 [main] INFO  o.s.b.w.e.tomcat.TomcatWebServer - Tomcat started on port 4040 (https) with context path '/'
2026-02-05 11:14:50 [main] INFO  c.c.ChatsphereBackendApplication - Started ChatsphereBackendApplication in 8.798 seconds (process running for 9.711)
2026-02-05 11:15:21 [https-jsse-nio-4040-exec-5] INFO  o.a.c.c.C.[Tomcat].[localhost].[/] - Initializing Spring DispatcherServlet 'dispatcherServlet'
2026-02-05 11:15:21 [https-jsse-nio-4040-exec-5] INFO  o.s.web.servlet.DispatcherServlet - Initializing Servlet 'dispatcherServlet'
2026-02-05 11:15:21 [https-jsse-nio-4040-exec-5] INFO  o.s.web.servlet.DispatcherServlet - Completed initialization in 1 ms
2026-02-05 11:16:10 [https-jsse-nio-4040-exec-5] WARN  o.s.w.s.m.s.DefaultHandlerExceptionResolver - Resolved [org.springframework.web.HttpRequestMethodNotSupportedException: Request method 'GET' is not supported]
2026-02-05 11:16:10 [https-jsse-nio-4040-exec-4] WARN  o.s.w.s.m.s.DefaultHandlerExceptionResolver - Resolved [org.springframework.web.HttpRequestMethodNotSupportedException: Request method 'GET' is not supported]
2026-02-05 11:17:35 [SpringApplicationShutdownHook] INFO  o.s.b.w.e.tomcat.GracefulShutdown - Commencing graceful shutdown. Waiting for active requests to complete
2026-02-05 11:17:35 [tomcat-shutdown] INFO  o.s.b.w.e.tomcat.GracefulShutdown - Graceful shutdown complete
2026-02-05 11:18:26 [background-preinit] INFO  o.h.validator.internal.util.Version - HV000001: Hibernate Validator 8.0.3.Final
2026-02-05 11:18:26 [main] INFO  c.c.ChatsphereBackendApplication - Starting ChatsphereBackendApplication using Java 25.0.1 with PID 52964 (D:\Project\ChatSphere\chatsphere-backend\target\classes started by hetpr in D:\Project\ChatSphere\chatsphere-backend)
2026-02-05 11:18:26 [main] DEBUG c.c.ChatsphereBackendApplication - Running with Spring Boot v3.5.10, Spring v6.2.15
2026-02-05 11:18:26 [main] INFO  c.c.ChatsphereBackendApplication - The following 1 profile is active: "dev"
2026-02-05 11:18:27 [main] INFO  o.s.d.r.c.RepositoryConfigurationDelegate - Bootstrapping Spring Data MongoDB repositories in DEFAULT mode.
2026-02-05 11:18:27 [main] INFO  o.s.d.r.c.RepositoryConfigurationDelegate - Finished Spring Data repository scanning in 81 ms. Found 3 MongoDB repository interfaces.
2026-02-05 11:18:28 [main] INFO  o.s.b.w.e.tomcat.TomcatWebServer - Tomcat initialized with port 4040 (https)
2026-02-05 11:18:28 [main] INFO  o.a.coyote.http11.Http11NioProtocol - Initializing ProtocolHandler ["https-jsse-nio-4040"]
2026-02-05 11:18:28 [main] INFO  o.a.catalina.core.StandardService - Starting service [Tomcat]
2026-02-05 11:18:28 [main] INFO  o.a.catalina.core.StandardEngine - Starting Servlet engine: [Apache Tomcat/10.1.50]
2026-02-05 11:18:28 [main] INFO  o.a.c.c.C.[Tomcat].[localhost].[/] - Initializing Spring embedded WebApplicationContext
2026-02-05 11:18:28 [main] INFO  o.s.b.w.s.c.ServletWebServerApplicationContext - Root WebApplicationContext: initialization completed in 1644 ms
2026-02-05 11:18:28 [main] DEBUG c.c.security.JwtAuthenticationFilter - Filter 'jwtAuthenticationFilter' configured for use
2026-02-05 11:18:29 [main] INFO  org.mongodb.driver.client - MongoClient with metadata {"driver": {"name": "mongo-java-driver|sync", "version": "5.5.2"}, "os": {"type": "Windows", "name": "Windows 11", "architecture": "amd64", "version": "10.0"}, "platform": "Java/Oracle Corporation/25.0.1+8-LTS-27"} created with settings MongoClientSettings{readPreference=primary, writeConcern=WriteConcern{w=null, wTimeout=null ms, journal=null}, retryWrites=true, retryReads=true, readConcern=ReadConcern{level=null}, credential=null, transportSettings=null, commandListeners=[], codecRegistry=ProvidersCodecRegistry{codecProviders=[ValueCodecProvider{}, BsonValueCodecProvider{}, DBRefCodecProvider{}, DBObjectCodecProvider{}, DocumentCodecProvider{}, CollectionCodecProvider{}, IterableCodecProvider{}, MapCodecProvider{}, GeoJsonCodecProvider{}, GridFSFileCodecProvider{}, Jsr310CodecProvider{}, JsonObjectCodecProvider{}, BsonCodecProvider{}, EnumCodecProvider{}, com.mongodb.client.model.mql.ExpressionCodecProvider@17222c11, com.mongodb.Jep395RecordCodecProvider@2db15f70, com.mongodb.KotlinCodecProvider@25974207]}, loggerSettings=LoggerSettings{maxDocumentLength=1000}, clusterSettings={hosts=[localhost:27017], srvServiceName=mongodb, mode=SINGLE, requiredClusterType=UNKNOWN, requiredReplicaSetName='null', serverSelector='null', clusterListeners='[]', serverSelectionTimeout='30000 ms', localThreshold='15 ms'}, socketSettings=SocketSettings{connectTimeoutMS=10000, readTimeoutMS=0, receiveBufferSize=0, proxySettings=ProxySettings{host=null, port=null, username=null, password=null}}, heartbeatSocketSettings=SocketSettings{connectTimeoutMS=10000, readTimeoutMS=10000, receiveBufferSize=0, proxySettings=ProxySettings{host=null, port=null, username=null, password=null}}, connectionPoolSettings=ConnectionPoolSettings{maxSize=100, minSize=0, maxWaitTimeMS=120000, maxConnectionLifeTimeMS=0, maxConnectionIdleTimeMS=0, maintenanceInitialDelayMS=0, maintenanceFrequencyMS=60000, connectionPoolListeners=[], maxConnecting=2}, serverSettings=ServerSettings{heartbeatFrequencyMS=10000, minHeartbeatFrequencyMS=500, serverMonitoringMode=AUTO, serverListeners='[]', serverMonitorListeners='[]'}, sslSettings=SslSettings{enabled=false, invalidHostNameAllowed=false, context=null}, applicationName='null', compressorList=[], uuidRepresentation=UNSPECIFIED, serverApi=null, autoEncryptionSettings=null, dnsClient=null, inetAddressResolver=null, contextProvider=null, timeoutMS=null}
2026-02-05 11:18:29 [cluster-ClusterId{value='69842f2ccf52276e920ce689', description='null'}-localhost:27017] INFO  org.mongodb.driver.cluster - Monitor thread successfully connected to server with description ServerDescription{address=localhost:27017, type=STANDALONE, cryptd=false, state=CONNECTED, ok=true, minWireVersion=0, maxWireVersion=27, maxDocumentSize=16777216, logicalSessionTimeoutMinutes=30, roundTripTimeNanos=24529400, minRoundTripTimeNanos=0}
2026-02-05 11:18:29 [main] INFO  o.s.s.c.a.a.c.InitializeUserDetailsBeanManagerConfigurer$InitializeUserDetailsManagerConfigurer - Global AuthenticationManager configured with UserDetailsService bean with name customUserDetailsService
2026-02-05 11:18:30 [main] INFO  o.a.coyote.http11.Http11NioProtocol - Starting ProtocolHandler ["https-jsse-nio-4040"]
2026-02-05 11:18:30 [main] INFO  o.a.t.u.net.NioEndpoint.certificate - Connector [https-jsse-nio-4040], TLS virtual host [_default_], certificate type [UNDEFINED] configured from keystore [Set directly - location unknown] using alias [chatsphere] with trust store [null]
2026-02-05 11:18:30 [main] INFO  o.s.b.w.e.tomcat.TomcatWebServer - Tomcat started on port 4040 (https) with context path '/'
2026-02-05 11:18:30 [main] INFO  c.c.ChatsphereBackendApplication - Started ChatsphereBackendApplication in 4.384 seconds (process running for 4.779)
2026-02-05 11:18:34 [SpringApplicationShutdownHook] INFO  o.s.b.w.e.tomcat.GracefulShutdown - Commencing graceful shutdown. Waiting for active requests to complete
2026-02-05 11:18:34 [tomcat-shutdown] INFO  o.s.b.w.e.tomcat.GracefulShutdown - Graceful shutdown complete
2026-02-05 11:18:59 [background-preinit] INFO  o.h.validator.internal.util.Version - HV000001: Hibernate Validator 8.0.3.Final
2026-02-05 11:18:59 [main] INFO  c.c.ChatsphereBackendApplication - Starting ChatsphereBackendApplication using Java 25.0.1 with PID 27620 (D:\Project\ChatSphere\chatsphere-backend\target\classes started by hetpr in D:\Project\ChatSphere\chatsphere-backend)
2026-02-05 11:18:59 [main] DEBUG c.c.ChatsphereBackendApplication - Running with Spring Boot v3.5.10, Spring v6.2.15
2026-02-05 11:18:59 [main] INFO  c.c.ChatsphereBackendApplication - The following 1 profile is active: "dev"
2026-02-05 11:19:00 [main] INFO  o.s.d.r.c.RepositoryConfigurationDelegate - Bootstrapping Spring Data MongoDB repositories in DEFAULT mode.
2026-02-05 11:19:00 [main] INFO  o.s.d.r.c.RepositoryConfigurationDelegate - Finished Spring Data repository scanning in 105 ms. Found 3 MongoDB repository interfaces.
2026-02-05 11:19:02 [main] INFO  o.s.b.w.e.tomcat.TomcatWebServer - Tomcat initialized with port 4040 (https)
2026-02-05 11:19:02 [main] INFO  o.a.coyote.http11.Http11NioProtocol - Initializing ProtocolHandler ["https-jsse-nio-4040"]
2026-02-05 11:19:02 [main] INFO  o.a.catalina.core.StandardService - Starting service [Tomcat]
2026-02-05 11:19:02 [main] INFO  o.a.catalina.core.StandardEngine - Starting Servlet engine: [Apache Tomcat/10.1.50]
2026-02-05 11:19:02 [main] INFO  o.a.c.c.C.[Tomcat].[localhost].[/] - Initializing Spring embedded WebApplicationContext
2026-02-05 11:19:02 [main] INFO  o.s.b.w.s.c.ServletWebServerApplicationContext - Root WebApplicationContext: initialization completed in 2448 ms
2026-02-05 11:19:02 [main] DEBUG c.c.security.JwtAuthenticationFilter - Filter 'jwtAuthenticationFilter' configured for use
2026-02-05 11:19:02 [main] INFO  org.mongodb.driver.client - MongoClient with metadata {"driver": {"name": "mongo-java-driver|sync", "version": "5.5.2"}, "os": {"type": "Windows", "name": "Windows 11", "architecture": "amd64", "version": "10.0"}, "platform": "Java/Oracle Corporation/25.0.1+8-LTS-27"} created with settings MongoClientSettings{readPreference=primary, writeConcern=WriteConcern{w=null, wTimeout=null ms, journal=null}, retryWrites=true, retryReads=true, readConcern=ReadConcern{level=null}, credential=null, transportSettings=null, commandListeners=[], codecRegistry=ProvidersCodecRegistry{codecProviders=[ValueCodecProvider{}, BsonValueCodecProvider{}, DBRefCodecProvider{}, DBObjectCodecProvider{}, DocumentCodecProvider{}, CollectionCodecProvider{}, IterableCodecProvider{}, MapCodecProvider{}, GeoJsonCodecProvider{}, GridFSFileCodecProvider{}, Jsr310CodecProvider{}, JsonObjectCodecProvider{}, BsonCodecProvider{}, EnumCodecProvider{}, com.mongodb.client.model.mql.ExpressionCodecProvider@6a55594b, com.mongodb.Jep395RecordCodecProvider@632b305d, com.mongodb.KotlinCodecProvider@44598ef7]}, loggerSettings=LoggerSettings{maxDocumentLength=1000}, clusterSettings={hosts=[localhost:27017], srvServiceName=mongodb, mode=SINGLE, requiredClusterType=UNKNOWN, requiredReplicaSetName='null', serverSelector='null', clusterListeners='[]', serverSelectionTimeout='30000 ms', localThreshold='15 ms'}, socketSettings=SocketSettings{connectTimeoutMS=10000, readTimeoutMS=0, receiveBufferSize=0, proxySettings=ProxySettings{host=null, port=null, username=null, password=null}}, heartbeatSocketSettings=SocketSettings{connectTimeoutMS=10000, readTimeoutMS=10000, receiveBufferSize=0, proxySettings=ProxySettings{host=null, port=null, username=null, password=null}}, connectionPoolSettings=ConnectionPoolSettings{maxSize=100, minSize=0, maxWaitTimeMS=120000, maxConnectionLifeTimeMS=0, maxConnectionIdleTimeMS=0, maintenanceInitialDelayMS=0, maintenanceFrequencyMS=60000, connectionPoolListeners=[], maxConnecting=2}, serverSettings=ServerSettings{heartbeatFrequencyMS=10000, minHeartbeatFrequencyMS=500, serverMonitoringMode=AUTO, serverListeners='[]', serverMonitorListeners='[]'}, sslSettings=SslSettings{enabled=false, invalidHostNameAllowed=false, context=null}, applicationName='null', compressorList=[], uuidRepresentation=UNSPECIFIED, serverApi=null, autoEncryptionSettings=null, dnsClient=null, inetAddressResolver=null, contextProvider=null, timeoutMS=null}
2026-02-05 11:19:02 [cluster-ClusterId{value='69842f4ed791b7892aac2e0a', description='null'}-localhost:27017] INFO  org.mongodb.driver.cluster - Monitor thread successfully connected to server with description ServerDescription{address=localhost:27017, type=STANDALONE, cryptd=false, state=CONNECTED, ok=true, minWireVersion=0, maxWireVersion=27, maxDocumentSize=16777216, logicalSessionTimeoutMinutes=30, roundTripTimeNanos=29425000, minRoundTripTimeNanos=0}
2026-02-05 11:19:02 [main] INFO  o.s.s.c.a.a.c.InitializeUserDetailsBeanManagerConfigurer$InitializeUserDetailsManagerConfigurer - Global AuthenticationManager configured with UserDetailsService bean with name customUserDetailsService
2026-02-05 11:19:03 [main] INFO  o.a.coyote.http11.Http11NioProtocol - Starting ProtocolHandler ["https-jsse-nio-4040"]
2026-02-05 11:19:03 [main] INFO  o.a.t.u.net.NioEndpoint.certificate - Connector [https-jsse-nio-4040], TLS virtual host [_default_], certificate type [UNDEFINED] configured from keystore [Set directly - location unknown] using alias [chatsphere] with trust store [null]
2026-02-05 11:19:03 [main] INFO  o.s.b.w.e.tomcat.TomcatWebServer - Tomcat started on port 4040 (https) with context path '/'
2026-02-05 11:19:03 [main] INFO  c.c.ChatsphereBackendApplication - Started ChatsphereBackendApplication in 5.463 seconds (process running for 6.069)
2026-02-05 11:20:07 [https-jsse-nio-4040-exec-5] INFO  o.a.c.c.C.[Tomcat].[localhost].[/] - Initializing Spring DispatcherServlet 'dispatcherServlet'
2026-02-05 11:20:07 [https-jsse-nio-4040-exec-5] INFO  o.s.web.servlet.DispatcherServlet - Initializing Servlet 'dispatcherServlet'
2026-02-05 11:20:07 [https-jsse-nio-4040-exec-5] INFO  o.s.web.servlet.DispatcherServlet - Completed initialization in 1 ms
2026-02-05 11:20:11 [https-jsse-nio-4040-exec-2] DEBUG c.c.w.WebSocketAuthInterceptor - WebSocket handshake attempt. URI: https://localhost:4040/ws/chat?token=eyJhbGciOiJIUzI1NiJ9.eyJzdWIiOiI2OTgzMzhmMzYyNDk5MjhlNjVhODA4NTgiLCJpYXQiOjE3NzAyNzA2MDgsImV4cCI6MTc3MDM1NzAwOH0.TGZccL2I2YSRpwxKIq8fdz_zDvM0n1Lpk0rhDZlJiL8, Query: token=eyJhbGciOiJIUzI1NiJ9.eyJzdWIiOiI2OTgzMzhmMzYyNDk5MjhlNjVhODA4NTgiLCJpYXQiOjE3NzAyNzA2MDgsImV4cCI6MTc3MDM1NzAwOH0.TGZccL2I2YSRpwxKIq8fdz_zDvM0n1Lpk0rhDZlJiL8
2026-02-05 11:20:11 [https-jsse-nio-4040-exec-2] INFO  c.c.w.WebSocketAuthInterceptor - WebSocket handshake successful for user: 698338f36249928e65a80858
2026-02-05 11:22:07 [SpringApplicationShutdownHook] INFO  o.s.b.w.e.tomcat.GracefulShutdown - Commencing graceful shutdown. Waiting for active requests to complete
2026-02-05 11:22:07 [tomcat-shutdown] INFO  o.s.b.w.e.tomcat.GracefulShutdown - Graceful shutdown complete
>>>>>>> 5fe7b79 (update)
2026-02-06 16:50:50 [background-preinit] INFO  o.h.validator.internal.util.Version - HV000001: Hibernate Validator 8.0.3.Final
2026-02-06 16:50:50 [main] INFO  c.c.ChatsphereBackendApplication - Starting ChatsphereBackendApplication using Java 25.0.1 with PID 8508 (D:\Project\ChatSphere\chatsphere-backend\target\classes started by hetpr in D:\Project\ChatSphere\chatsphere-backend)
2026-02-06 16:50:50 [main] DEBUG c.c.ChatsphereBackendApplication - Running with Spring Boot v3.5.10, Spring v6.2.15
2026-02-06 16:50:50 [main] INFO  c.c.ChatsphereBackendApplication - The following 1 profile is active: "dev"
2026-02-06 16:50:51 [main] INFO  o.s.d.r.c.RepositoryConfigurationDelegate - Bootstrapping Spring Data MongoDB repositories in DEFAULT mode.
2026-02-06 16:50:51 [main] INFO  o.s.d.r.c.RepositoryConfigurationDelegate - Finished Spring Data repository scanning in 66 ms. Found 3 MongoDB repository interfaces.
2026-02-06 16:50:52 [main] INFO  o.s.b.w.e.tomcat.TomcatWebServer - Tomcat initialized with port 4040 (https)
2026-02-06 16:50:52 [main] INFO  o.a.coyote.http11.Http11NioProtocol - Initializing ProtocolHandler ["https-jsse-nio-4040"]
2026-02-06 16:50:52 [main] INFO  o.a.catalina.core.StandardService - Starting service [Tomcat]
2026-02-06 16:50:52 [main] INFO  o.a.catalina.core.StandardEngine - Starting Servlet engine: [Apache Tomcat/10.1.50]
2026-02-06 16:50:52 [main] INFO  o.a.c.c.C.[Tomcat].[localhost].[/] - Initializing Spring embedded WebApplicationContext
2026-02-06 16:50:52 [main] INFO  o.s.b.w.s.c.ServletWebServerApplicationContext - Root WebApplicationContext: initialization completed in 1712 ms
2026-02-06 16:50:52 [main] DEBUG c.c.security.JwtAuthenticationFilter - Filter 'jwtAuthenticationFilter' configured for use
2026-02-06 16:50:52 [main] INFO  org.mongodb.driver.client - MongoClient with metadata {"driver": {"name": "mongo-java-driver|sync", "version": "5.5.2"}, "os": {"type": "Windows", "name": "Windows 11", "architecture": "amd64", "version": "10.0"}, "platform": "Java/Oracle Corporation/25.0.1+8-LTS-27"} created with settings MongoClientSettings{readPreference=primary, writeConcern=WriteConcern{w=null, wTimeout=null ms, journal=null}, retryWrites=true, retryReads=true, readConcern=ReadConcern{level=null}, credential=null, transportSettings=null, commandListeners=[], codecRegistry=ProvidersCodecRegistry{codecProviders=[ValueCodecProvider{}, BsonValueCodecProvider{}, DBRefCodecProvider{}, DBObjectCodecProvider{}, DocumentCodecProvider{}, CollectionCodecProvider{}, IterableCodecProvider{}, MapCodecProvider{}, GeoJsonCodecProvider{}, GridFSFileCodecProvider{}, Jsr310CodecProvider{}, JsonObjectCodecProvider{}, BsonCodecProvider{}, EnumCodecProvider{}, com.mongodb.client.model.mql.ExpressionCodecProvider@616a06e3, com.mongodb.Jep395RecordCodecProvider@42297bdf, com.mongodb.KotlinCodecProvider@66e827a8]}, loggerSettings=LoggerSettings{maxDocumentLength=1000}, clusterSettings={hosts=[localhost:27017], srvServiceName=mongodb, mode=SINGLE, requiredClusterType=UNKNOWN, requiredReplicaSetName='null', serverSelector='null', clusterListeners='[]', serverSelectionTimeout='30000 ms', localThreshold='15 ms'}, socketSettings=SocketSettings{connectTimeoutMS=10000, readTimeoutMS=0, receiveBufferSize=0, proxySettings=ProxySettings{host=null, port=null, username=null, password=null}}, heartbeatSocketSettings=SocketSettings{connectTimeoutMS=10000, readTimeoutMS=10000, receiveBufferSize=0, proxySettings=ProxySettings{host=null, port=null, username=null, password=null}}, connectionPoolSettings=ConnectionPoolSettings{maxSize=100, minSize=0, maxWaitTimeMS=120000, maxConnectionLifeTimeMS=0, maxConnectionIdleTimeMS=0, maintenanceInitialDelayMS=0, maintenanceFrequencyMS=60000, connectionPoolListeners=[], maxConnecting=2}, serverSettings=ServerSettings{heartbeatFrequencyMS=10000, minHeartbeatFrequencyMS=500, serverMonitoringMode=AUTO, serverListeners='[]', serverMonitorListeners='[]'}, sslSettings=SslSettings{enabled=false, invalidHostNameAllowed=false, context=null}, applicationName='null', compressorList=[], uuidRepresentation=UNSPECIFIED, serverApi=null, autoEncryptionSettings=null, dnsClient=null, inetAddressResolver=null, contextProvider=null, timeoutMS=null}
2026-02-06 16:50:52 [cluster-ClusterId{value='6985ce949cff99c67b92fc87', description='null'}-localhost:27017] INFO  org.mongodb.driver.cluster - Monitor thread successfully connected to server with description ServerDescription{address=localhost:27017, type=STANDALONE, cryptd=false, state=CONNECTED, ok=true, minWireVersion=0, maxWireVersion=27, maxDocumentSize=16777216, logicalSessionTimeoutMinutes=30, roundTripTimeNanos=21874600, minRoundTripTimeNanos=0}
2026-02-06 16:50:53 [main] INFO  o.s.s.c.a.a.c.InitializeUserDetailsBeanManagerConfigurer$InitializeUserDetailsManagerConfigurer - Global AuthenticationManager configured with UserDetailsService bean with name customUserDetailsService
2026-02-06 16:50:53 [main] INFO  o.a.coyote.http11.Http11NioProtocol - Starting ProtocolHandler ["https-jsse-nio-4040"]
2026-02-06 16:50:54 [main] INFO  o.a.t.u.net.NioEndpoint.certificate - Connector [https-jsse-nio-4040], TLS virtual host [_default_], certificate type [UNDEFINED] configured from keystore [Set directly - location unknown] using alias [chatsphere] with trust store [null]
2026-02-06 16:50:54 [main] INFO  o.s.b.w.e.tomcat.TomcatWebServer - Tomcat started on port 4040 (https) with context path '/'
2026-02-06 16:50:54 [main] INFO  c.c.ChatsphereBackendApplication - Started ChatsphereBackendApplication in 4.066 seconds (process running for 4.433)
2026-02-06 16:52:38 [https-jsse-nio-4040-exec-10] INFO  o.a.c.c.C.[Tomcat].[localhost].[/] - Initializing Spring DispatcherServlet 'dispatcherServlet'
2026-02-06 16:52:38 [https-jsse-nio-4040-exec-10] INFO  o.s.web.servlet.DispatcherServlet - Initializing Servlet 'dispatcherServlet'
2026-02-06 16:52:38 [https-jsse-nio-4040-exec-10] INFO  o.s.web.servlet.DispatcherServlet - Completed initialization in 1 ms
2026-02-06 16:52:39 [https-jsse-nio-4040-exec-5] DEBUG c.c.w.WebSocketAuthInterceptor - WebSocket handshake attempt. URI: https://localhost:4040/ws/chat?token=hetps2122004%40gmail.com, Query: token=hetps2122004@gmail.com
2026-02-06 16:52:39 [https-jsse-nio-4040-exec-5] WARN  c.c.w.WebSocketAuthInterceptor - WebSocket handshake failed: Invalid token
2026-02-06 16:55:45 [https-jsse-nio-4040-exec-1] DEBUG c.c.w.WebSocketAuthInterceptor - WebSocket handshake attempt. URI: https://localhost:4040/ws/chat?token=hetps2122004%40gmail.com, Query: token=hetps2122004@gmail.com
2026-02-06 16:55:45 [https-jsse-nio-4040-exec-1] WARN  c.c.w.WebSocketAuthInterceptor - WebSocket handshake failed: Invalid token
2026-02-06 16:56:21 [SpringApplicationShutdownHook] INFO  o.s.b.w.e.tomcat.GracefulShutdown - Commencing graceful shutdown. Waiting for active requests to complete
2026-02-06 16:56:21 [tomcat-shutdown] INFO  o.s.b.w.e.tomcat.GracefulShutdown - Graceful shutdown complete
2026-02-06 16:56:31 [background-preinit] INFO  o.h.validator.internal.util.Version - HV000001: Hibernate Validator 8.0.3.Final
2026-02-06 16:56:31 [main] INFO  c.c.ChatsphereBackendApplication - Starting ChatsphereBackendApplication using Java 25.0.1 with PID 30144 (D:\Project\ChatSphere\chatsphere-backend\target\classes started by hetpr in D:\Project\ChatSphere\chatsphere-backend)
2026-02-06 16:56:31 [main] DEBUG c.c.ChatsphereBackendApplication - Running with Spring Boot v3.5.10, Spring v6.2.15
2026-02-06 16:56:31 [main] INFO  c.c.ChatsphereBackendApplication - The following 1 profile is active: "dev"
2026-02-06 16:56:32 [main] INFO  o.s.d.r.c.RepositoryConfigurationDelegate - Bootstrapping Spring Data MongoDB repositories in DEFAULT mode.
2026-02-06 16:56:32 [main] INFO  o.s.d.r.c.RepositoryConfigurationDelegate - Finished Spring Data repository scanning in 65 ms. Found 3 MongoDB repository interfaces.
2026-02-06 16:56:33 [main] INFO  o.s.b.w.e.tomcat.TomcatWebServer - Tomcat initialized with port 4040 (https)
2026-02-06 16:56:33 [main] INFO  o.a.coyote.http11.Http11NioProtocol - Initializing ProtocolHandler ["https-jsse-nio-4040"]
2026-02-06 16:56:33 [main] INFO  o.a.catalina.core.StandardService - Starting service [Tomcat]
2026-02-06 16:56:33 [main] INFO  o.a.catalina.core.StandardEngine - Starting Servlet engine: [Apache Tomcat/10.1.50]
2026-02-06 16:56:33 [main] INFO  o.a.c.c.C.[Tomcat].[localhost].[/] - Initializing Spring embedded WebApplicationContext
2026-02-06 16:56:33 [main] INFO  o.s.b.w.s.c.ServletWebServerApplicationContext - Root WebApplicationContext: initialization completed in 1836 ms
2026-02-06 16:56:33 [main] ERROR o.s.b.w.e.tomcat.TomcatStarter - Error starting Tomcat context. Exception: org.springframework.beans.factory.UnsatisfiedDependencyException. Message: Error creating bean with name 'jwtAuthenticationFilter' defined in file [D:\Project\ChatSphere\chatsphere-backend\target\classes\com\chatsphere\security\JwtAuthenticationFilter.class]: Unsatisfied dependency expressed through constructor parameter 0: Error creating bean with name 'jwtTokenProvider': Injection of autowired dependencies failed
2026-02-06 16:56:33 [main] INFO  o.a.catalina.core.StandardService - Stopping service [Tomcat]
2026-02-06 16:56:33 [main] WARN  o.s.b.w.s.c.AnnotationConfigServletWebServerApplicationContext - Exception encountered during context initialization - cancelling refresh attempt: org.springframework.context.ApplicationContextException: Unable to start web server
2026-02-06 16:56:33 [main] INFO  o.s.b.a.l.ConditionEvaluationReportLogger - 

Error starting ApplicationContext. To display the condition evaluation report re-run your application with 'debug' enabled.
2026-02-06 16:56:33 [main] ERROR o.s.boot.SpringApplication - Application run failed
org.springframework.context.ApplicationContextException: Unable to start web server
	at org.springframework.boot.web.servlet.context.ServletWebServerApplicationContext.onRefresh(ServletWebServerApplicationContext.java:170)
	at org.springframework.context.support.AbstractApplicationContext.refresh(AbstractApplicationContext.java:621)
	at org.springframework.boot.web.servlet.context.ServletWebServerApplicationContext.refresh(ServletWebServerApplicationContext.java:146)
	at org.springframework.boot.SpringApplication.refresh(SpringApplication.java:752)
	at org.springframework.boot.SpringApplication.refreshContext(SpringApplication.java:439)
	at org.springframework.boot.SpringApplication.run(SpringApplication.java:318)
	at org.springframework.boot.SpringApplication.run(SpringApplication.java:1361)
	at org.springframework.boot.SpringApplication.run(SpringApplication.java:1350)
	at com.chatsphere.ChatsphereBackendApplication.main(ChatsphereBackendApplication.java:10)
Caused by: org.springframework.boot.web.server.WebServerException: Unable to start embedded Tomcat
	at org.springframework.boot.web.embedded.tomcat.TomcatWebServer.initialize(TomcatWebServer.java:147)
	at org.springframework.boot.web.embedded.tomcat.TomcatWebServer.<init>(TomcatWebServer.java:107)
	at org.springframework.boot.web.embedded.tomcat.TomcatServletWebServerFactory.getTomcatWebServer(TomcatServletWebServerFactory.java:517)
	at org.springframework.boot.web.embedded.tomcat.TomcatServletWebServerFactory.getWebServer(TomcatServletWebServerFactory.java:219)
	at org.springframework.boot.web.servlet.context.ServletWebServerApplicationContext.createWebServer(ServletWebServerApplicationContext.java:193)
	at org.springframework.boot.web.servlet.context.ServletWebServerApplicationContext.onRefresh(ServletWebServerApplicationContext.java:167)
	... 8 common frames omitted
Caused by: org.springframework.beans.factory.UnsatisfiedDependencyException: Error creating bean with name 'jwtAuthenticationFilter' defined in file [D:\Project\ChatSphere\chatsphere-backend\target\classes\com\chatsphere\security\JwtAuthenticationFilter.class]: Unsatisfied dependency expressed through constructor parameter 0: Error creating bean with name 'jwtTokenProvider': Injection of autowired dependencies failed
	at org.springframework.beans.factory.support.ConstructorResolver.createArgumentArray(ConstructorResolver.java:804)
	at org.springframework.beans.factory.support.ConstructorResolver.autowireConstructor(ConstructorResolver.java:240)
	at org.springframework.beans.factory.support.AbstractAutowireCapableBeanFactory.autowireConstructor(AbstractAutowireCapableBeanFactory.java:1395)
	at org.springframework.beans.factory.support.AbstractAutowireCapableBeanFactory.createBeanInstance(AbstractAutowireCapableBeanFactory.java:1232)
	at org.springframework.beans.factory.support.AbstractAutowireCapableBeanFactory.doCreateBean(AbstractAutowireCapableBeanFactory.java:569)
	at org.springframework.beans.factory.support.AbstractAutowireCapableBeanFactory.createBean(AbstractAutowireCapableBeanFactory.java:529)
	at org.springframework.beans.factory.support.AbstractBeanFactory.lambda$doGetBean$0(AbstractBeanFactory.java:339)
	at org.springframework.beans.factory.support.DefaultSingletonBeanRegistry.getSingleton(DefaultSingletonBeanRegistry.java:373)
	at org.springframework.beans.factory.support.AbstractBeanFactory.doGetBean(AbstractBeanFactory.java:337)
	at org.springframework.beans.factory.support.AbstractBeanFactory.getBean(AbstractBeanFactory.java:207)
	at org.springframework.boot.web.servlet.ServletContextInitializerBeans.getOrderedBeansOfType(ServletContextInitializerBeans.java:230)
	at org.springframework.boot.web.servlet.ServletContextInitializerBeans.addAsRegistrationBean(ServletContextInitializerBeans.java:184)
	at org.springframework.boot.web.servlet.ServletContextInitializerBeans.addAsRegistrationBean(ServletContextInitializerBeans.java:179)
	at org.springframework.boot.web.servlet.ServletContextInitializerBeans.addAdaptableBeans(ServletContextInitializerBeans.java:164)
	at org.springframework.boot.web.servlet.ServletContextInitializerBeans.<init>(ServletContextInitializerBeans.java:96)
	at org.springframework.boot.web.servlet.context.ServletWebServerApplicationContext.getServletContextInitializerBeans(ServletWebServerApplicationContext.java:271)
	at org.springframework.boot.web.servlet.context.ServletWebServerApplicationContext.selfInitialize(ServletWebServerApplicationContext.java:245)
	at org.springframework.boot.web.embedded.tomcat.TomcatStarter.onStartup(TomcatStarter.java:52)
	at org.apache.catalina.core.StandardContext.startInternal(StandardContext.java:4452)
	at org.apache.catalina.util.LifecycleBase.start(LifecycleBase.java:164)
	at org.apache.catalina.core.ContainerBase$StartChild.call(ContainerBase.java:1201)
	at org.apache.catalina.core.ContainerBase$StartChild.call(ContainerBase.java:1191)
	at java.base/java.util.concurrent.FutureTask.run(FutureTask.java:328)
	at org.apache.tomcat.util.threads.InlineExecutorService.execute(InlineExecutorService.java:81)
	at java.base/java.util.concurrent.AbstractExecutorService.submit(AbstractExecutorService.java:149)
	at org.apache.catalina.core.ContainerBase.startInternal(ContainerBase.java:747)
	at org.apache.catalina.core.StandardHost.startInternal(StandardHost.java:783)
	at org.apache.catalina.util.LifecycleBase.start(LifecycleBase.java:164)
	at org.apache.catalina.core.ContainerBase$StartChild.call(ContainerBase.java:1201)
	at org.apache.catalina.core.ContainerBase$StartChild.call(ContainerBase.java:1191)
	at java.base/java.util.concurrent.FutureTask.run(FutureTask.java:328)
	at org.apache.tomcat.util.threads.InlineExecutorService.execute(InlineExecutorService.java:81)
	at java.base/java.util.concurrent.AbstractExecutorService.submit(AbstractExecutorService.java:149)
	at org.apache.catalina.core.ContainerBase.startInternal(ContainerBase.java:747)
	at org.apache.catalina.core.StandardEngine.startInternal(StandardEngine.java:201)
	at org.apache.catalina.util.LifecycleBase.start(LifecycleBase.java:164)
	at org.apache.catalina.core.StandardService.startInternal(StandardService.java:410)
	at org.apache.catalina.util.LifecycleBase.start(LifecycleBase.java:164)
	at org.apache.catalina.core.StandardServer.startInternal(StandardServer.java:868)
	at org.apache.catalina.util.LifecycleBase.start(LifecycleBase.java:164)
	at org.apache.catalina.startup.Tomcat.start(Tomcat.java:436)
	at org.springframework.boot.web.embedded.tomcat.TomcatWebServer.initialize(TomcatWebServer.java:128)
	... 13 common frames omitted
Caused by: org.springframework.beans.factory.BeanCreationException: Error creating bean with name 'jwtTokenProvider': Injection of autowired dependencies failed
	at org.springframework.beans.factory.annotation.AutowiredAnnotationBeanPostProcessor.postProcessProperties(AutowiredAnnotationBeanPostProcessor.java:515)
	at org.springframework.beans.factory.support.AbstractAutowireCapableBeanFactory.populateBean(AbstractAutowireCapableBeanFactory.java:1459)
	at org.springframework.beans.factory.support.AbstractAutowireCapableBeanFactory.doCreateBean(AbstractAutowireCapableBeanFactory.java:606)
	at org.springframework.beans.factory.support.AbstractAutowireCapableBeanFactory.createBean(AbstractAutowireCapableBeanFactory.java:529)
	at org.springframework.beans.factory.support.AbstractBeanFactory.lambda$doGetBean$0(AbstractBeanFactory.java:339)
	at org.springframework.beans.factory.support.DefaultSingletonBeanRegistry.getSingleton(DefaultSingletonBeanRegistry.java:373)
	at org.springframework.beans.factory.support.AbstractBeanFactory.doGetBean(AbstractBeanFactory.java:337)
	at org.springframework.beans.factory.support.AbstractBeanFactory.getBean(AbstractBeanFactory.java:202)
	at org.springframework.beans.factory.config.DependencyDescriptor.resolveCandidate(DependencyDescriptor.java:254)
	at org.springframework.beans.factory.support.DefaultListableBeanFactory.doResolveDependency(DefaultListableBeanFactory.java:1770)
	at org.springframework.beans.factory.support.DefaultListableBeanFactory.resolveDependency(DefaultListableBeanFactory.java:1653)
	at org.springframework.beans.factory.support.ConstructorResolver.resolveAutowiredArgument(ConstructorResolver.java:913)
	at org.springframework.beans.factory.support.ConstructorResolver.createArgumentArray(ConstructorResolver.java:791)
	... 54 common frames omitted
Caused by: org.springframework.util.PlaceholderResolutionException: Could not resolve placeholder 'jwt.secret' in value "${jwt.secret}"
	at org.springframework.util.PlaceholderResolutionException.withValue(PlaceholderResolutionException.java:81)
	at org.springframework.util.PlaceholderParser$ParsedValue.resolve(PlaceholderParser.java:298)
	at org.springframework.util.PlaceholderParser.replacePlaceholders(PlaceholderParser.java:131)
	at org.springframework.util.PropertyPlaceholderHelper.replacePlaceholders(PropertyPlaceholderHelper.java:114)
	at org.springframework.core.env.AbstractPropertyResolver.doResolvePlaceholders(AbstractPropertyResolver.java:293)
	at org.springframework.core.env.AbstractPropertyResolver.resolveRequiredPlaceholders(AbstractPropertyResolver.java:264)
	at org.springframework.context.support.PropertySourcesPlaceholderConfigurer.lambda$processProperties$0(PropertySourcesPlaceholderConfigurer.java:186)
	at org.springframework.beans.factory.support.AbstractBeanFactory.resolveEmbeddedValue(AbstractBeanFactory.java:970)
	at org.springframework.beans.factory.support.DefaultListableBeanFactory.doResolveDependency(DefaultListableBeanFactory.java:1675)
	at org.springframework.beans.factory.support.DefaultListableBeanFactory.resolveDependency(DefaultListableBeanFactory.java:1653)
	at org.springframework.beans.factory.annotation.AutowiredAnnotationBeanPostProcessor$AutowiredFieldElement.resolveFieldValue(AutowiredAnnotationBeanPostProcessor.java:784)
	at org.springframework.beans.factory.annotation.AutowiredAnnotationBeanPostProcessor$AutowiredFieldElement.inject(AutowiredAnnotationBeanPostProcessor.java:767)
	at org.springframework.beans.factory.annotation.InjectionMetadata.inject(InjectionMetadata.java:146)
	at org.springframework.beans.factory.annotation.AutowiredAnnotationBeanPostProcessor.postProcessProperties(AutowiredAnnotationBeanPostProcessor.java:509)
	... 66 common frames omitted
2026-02-06 16:57:57 [background-preinit] INFO  o.h.validator.internal.util.Version - HV000001: Hibernate Validator 8.0.3.Final
2026-02-06 16:57:57 [main] INFO  c.c.ChatsphereBackendApplication - Starting ChatsphereBackendApplication using Java 25.0.1 with PID 9888 (D:\Project\ChatSphere\chatsphere-backend\target\classes started by hetpr in D:\Project\ChatSphere\chatsphere-backend)
2026-02-06 16:57:57 [main] DEBUG c.c.ChatsphereBackendApplication - Running with Spring Boot v3.5.10, Spring v6.2.15
2026-02-06 16:57:57 [main] INFO  c.c.ChatsphereBackendApplication - The following 1 profile is active: "dev"
2026-02-06 16:57:58 [main] INFO  o.s.d.r.c.RepositoryConfigurationDelegate - Bootstrapping Spring Data MongoDB repositories in DEFAULT mode.
2026-02-06 16:57:58 [main] INFO  o.s.d.r.c.RepositoryConfigurationDelegate - Finished Spring Data repository scanning in 71 ms. Found 3 MongoDB repository interfaces.
2026-02-06 16:57:58 [main] INFO  o.s.b.w.e.tomcat.TomcatWebServer - Tomcat initialized with port 4040 (https)
2026-02-06 16:57:58 [main] INFO  o.a.coyote.http11.Http11NioProtocol - Initializing ProtocolHandler ["https-jsse-nio-4040"]
2026-02-06 16:57:58 [main] INFO  o.a.catalina.core.StandardService - Starting service [Tomcat]
2026-02-06 16:57:58 [main] INFO  o.a.catalina.core.StandardEngine - Starting Servlet engine: [Apache Tomcat/10.1.50]
2026-02-06 16:57:59 [main] INFO  o.a.c.c.C.[Tomcat].[localhost].[/] - Initializing Spring embedded WebApplicationContext
2026-02-06 16:57:59 [main] INFO  o.s.b.w.s.c.ServletWebServerApplicationContext - Root WebApplicationContext: initialization completed in 1506 ms
2026-02-06 16:57:59 [main] DEBUG c.c.security.JwtAuthenticationFilter - Filter 'jwtAuthenticationFilter' configured for use
2026-02-06 16:57:59 [main] INFO  org.mongodb.driver.client - MongoClient with metadata {"driver": {"name": "mongo-java-driver|sync", "version": "5.5.2"}, "os": {"type": "Windows", "name": "Windows 11", "architecture": "amd64", "version": "10.0"}, "platform": "Java/Oracle Corporation/25.0.1+8-LTS-27"} created with settings MongoClientSettings{readPreference=primary, writeConcern=WriteConcern{w=null, wTimeout=null ms, journal=null}, retryWrites=true, retryReads=true, readConcern=ReadConcern{level=null}, credential=null, transportSettings=null, commandListeners=[], codecRegistry=ProvidersCodecRegistry{codecProviders=[ValueCodecProvider{}, BsonValueCodecProvider{}, DBRefCodecProvider{}, DBObjectCodecProvider{}, DocumentCodecProvider{}, CollectionCodecProvider{}, IterableCodecProvider{}, MapCodecProvider{}, GeoJsonCodecProvider{}, GridFSFileCodecProvider{}, Jsr310CodecProvider{}, JsonObjectCodecProvider{}, BsonCodecProvider{}, EnumCodecProvider{}, com.mongodb.client.model.mql.ExpressionCodecProvider@2eda2062, com.mongodb.Jep395RecordCodecProvider@1a9ec80e, com.mongodb.KotlinCodecProvider@7fd4e815]}, loggerSettings=LoggerSettings{maxDocumentLength=1000}, clusterSettings={hosts=[localhost:27017], srvServiceName=mongodb, mode=SINGLE, requiredClusterType=UNKNOWN, requiredReplicaSetName='null', serverSelector='null', clusterListeners='[]', serverSelectionTimeout='30000 ms', localThreshold='15 ms'}, socketSettings=SocketSettings{connectTimeoutMS=10000, readTimeoutMS=0, receiveBufferSize=0, proxySettings=ProxySettings{host=null, port=null, username=null, password=null}}, heartbeatSocketSettings=SocketSettings{connectTimeoutMS=10000, readTimeoutMS=10000, receiveBufferSize=0, proxySettings=ProxySettings{host=null, port=null, username=null, password=null}}, connectionPoolSettings=ConnectionPoolSettings{maxSize=100, minSize=0, maxWaitTimeMS=120000, maxConnectionLifeTimeMS=0, maxConnectionIdleTimeMS=0, maintenanceInitialDelayMS=0, maintenanceFrequencyMS=60000, connectionPoolListeners=[], maxConnecting=2}, serverSettings=ServerSettings{heartbeatFrequencyMS=10000, minHeartbeatFrequencyMS=500, serverMonitoringMode=AUTO, serverListeners='[]', serverMonitorListeners='[]'}, sslSettings=SslSettings{enabled=false, invalidHostNameAllowed=false, context=null}, applicationName='null', compressorList=[], uuidRepresentation=UNSPECIFIED, serverApi=null, autoEncryptionSettings=null, dnsClient=null, inetAddressResolver=null, contextProvider=null, timeoutMS=null}
2026-02-06 16:57:59 [cluster-ClusterId{value='6985d03fa4ec474999d711e2', description='null'}-localhost:27017] INFO  org.mongodb.driver.cluster - Monitor thread successfully connected to server with description ServerDescription{address=localhost:27017, type=STANDALONE, cryptd=false, state=CONNECTED, ok=true, minWireVersion=0, maxWireVersion=27, maxDocumentSize=16777216, logicalSessionTimeoutMinutes=30, roundTripTimeNanos=25174900, minRoundTripTimeNanos=0}
2026-02-06 16:57:59 [main] INFO  o.s.s.c.a.a.c.InitializeUserDetailsBeanManagerConfigurer$InitializeUserDetailsManagerConfigurer - Global AuthenticationManager configured with UserDetailsService bean with name customUserDetailsService
2026-02-06 16:58:00 [main] INFO  o.a.coyote.http11.Http11NioProtocol - Starting ProtocolHandler ["https-jsse-nio-4040"]
2026-02-06 16:58:00 [main] INFO  o.a.t.u.net.NioEndpoint.certificate - Connector [https-jsse-nio-4040], TLS virtual host [_default_], certificate type [UNDEFINED] configured from keystore [Set directly - location unknown] using alias [chatsphere] with trust store [null]
2026-02-06 16:58:00 [main] INFO  o.s.b.w.e.tomcat.TomcatWebServer - Tomcat started on port 4040 (https) with context path '/'
2026-02-06 16:58:00 [main] INFO  c.c.ChatsphereBackendApplication - Started ChatsphereBackendApplication in 3.697 seconds (process running for 4.081)
2026-02-06 16:58:24 [https-jsse-nio-4040-exec-3] INFO  o.a.c.c.C.[Tomcat].[localhost].[/] - Initializing Spring DispatcherServlet 'dispatcherServlet'
2026-02-06 16:58:24 [https-jsse-nio-4040-exec-3] INFO  o.s.web.servlet.DispatcherServlet - Initializing Servlet 'dispatcherServlet'
2026-02-06 16:58:24 [https-jsse-nio-4040-exec-3] INFO  o.s.web.servlet.DispatcherServlet - Completed initialization in 2 ms
2026-02-06 16:58:27 [https-jsse-nio-4040-exec-1] DEBUG c.c.w.WebSocketAuthInterceptor - WebSocket handshake attempt. URI: https://localhost:4040/ws/chat?token=eyJhbGciOiJIUzI1NiJ9.eyJzdWIiOiI2OTgzMzhmMzYyNDk5MjhlNjVhODA4NTgiLCJpYXQiOjE3NzAzNzczMDUsImV4cCI6MTc3MDQ2MzcwNX0.BF6WSASl6Y6rTOCei61z0Rl4dzpWQitqUn5t8fOYu4U, Query: token=eyJhbGciOiJIUzI1NiJ9.eyJzdWIiOiI2OTgzMzhmMzYyNDk5MjhlNjVhODA4NTgiLCJpYXQiOjE3NzAzNzczMDUsImV4cCI6MTc3MDQ2MzcwNX0.BF6WSASl6Y6rTOCei61z0Rl4dzpWQitqUn5t8fOYu4U
2026-02-06 16:58:27 [https-jsse-nio-4040-exec-1] INFO  c.c.w.WebSocketAuthInterceptor - WebSocket handshake successful for user: 698338f36249928e65a80858
2026-02-06 16:58:28 [https-jsse-nio-4040-exec-4] DEBUG c.c.w.WebSocketAuthInterceptor - WebSocket handshake attempt. URI: https://localhost:4040/ws/chat?token=eyJhbGciOiJIUzI1NiJ9.eyJzdWIiOiI2OTgzMzhmMzYyNDk5MjhlNjVhODA4NTgiLCJpYXQiOjE3NzAzNzczMDUsImV4cCI6MTc3MDQ2MzcwNX0.BF6WSASl6Y6rTOCei61z0Rl4dzpWQitqUn5t8fOYu4U, Query: token=eyJhbGciOiJIUzI1NiJ9.eyJzdWIiOiI2OTgzMzhmMzYyNDk5MjhlNjVhODA4NTgiLCJpYXQiOjE3NzAzNzczMDUsImV4cCI6MTc3MDQ2MzcwNX0.BF6WSASl6Y6rTOCei61z0Rl4dzpWQitqUn5t8fOYu4U
2026-02-06 16:58:28 [https-jsse-nio-4040-exec-4] INFO  c.c.w.WebSocketAuthInterceptor - WebSocket handshake successful for user: 698338f36249928e65a80858
2026-02-06 16:59:16 [https-jsse-nio-4040-exec-10] DEBUG c.c.w.WebSocketAuthInterceptor - WebSocket handshake attempt. URI: https://localhost:4040/ws/chat?token=eyJhbGciOiJIUzI1NiJ9.eyJzdWIiOiI2OTg0MmM0MjA2MTk3NDUxODYwNTE4YjQiLCJpYXQiOjE3NzAzNzczNTYsImV4cCI6MTc3MDQ2Mzc1Nn0.AeWBTV8S4lyStwEDudWfAvp69JwLrsSrkcEXQV0WZDM, Query: token=eyJhbGciOiJIUzI1NiJ9.eyJzdWIiOiI2OTg0MmM0MjA2MTk3NDUxODYwNTE4YjQiLCJpYXQiOjE3NzAzNzczNTYsImV4cCI6MTc3MDQ2Mzc1Nn0.AeWBTV8S4lyStwEDudWfAvp69JwLrsSrkcEXQV0WZDM
2026-02-06 16:59:16 [https-jsse-nio-4040-exec-10] INFO  c.c.w.WebSocketAuthInterceptor - WebSocket handshake successful for user: 69842c4206197451860518b4
2026-02-06 16:59:16 [https-jsse-nio-4040-exec-2] DEBUG c.c.w.WebSocketAuthInterceptor - WebSocket handshake attempt. URI: https://localhost:4040/ws/chat?token=eyJhbGciOiJIUzI1NiJ9.eyJzdWIiOiI2OTg0MmM0MjA2MTk3NDUxODYwNTE4YjQiLCJpYXQiOjE3NzAzNzczNTYsImV4cCI6MTc3MDQ2Mzc1Nn0.AeWBTV8S4lyStwEDudWfAvp69JwLrsSrkcEXQV0WZDM, Query: token=eyJhbGciOiJIUzI1NiJ9.eyJzdWIiOiI2OTg0MmM0MjA2MTk3NDUxODYwNTE4YjQiLCJpYXQiOjE3NzAzNzczNTYsImV4cCI6MTc3MDQ2Mzc1Nn0.AeWBTV8S4lyStwEDudWfAvp69JwLrsSrkcEXQV0WZDM
2026-02-06 16:59:16 [https-jsse-nio-4040-exec-2] INFO  c.c.w.WebSocketAuthInterceptor - WebSocket handshake successful for user: 69842c4206197451860518b4
2026-02-06 17:00:29 [SpringApplicationShutdownHook] INFO  o.s.b.w.e.tomcat.GracefulShutdown - Commencing graceful shutdown. Waiting for active requests to complete
2026-02-06 17:00:29 [tomcat-shutdown] INFO  o.s.b.w.e.tomcat.GracefulShutdown - Graceful shutdown complete
2026-02-06 17:00:40 [background-preinit] INFO  o.h.validator.internal.util.Version - HV000001: Hibernate Validator 8.0.3.Final
2026-02-06 17:00:40 [main] INFO  c.c.ChatsphereBackendApplication - Starting ChatsphereBackendApplication using Java 25.0.1 with PID 6556 (D:\Project\ChatSphere\chatsphere-backend\target\classes started by hetpr in D:\Project\ChatSphere\chatsphere-backend)
2026-02-06 17:00:40 [main] DEBUG c.c.ChatsphereBackendApplication - Running with Spring Boot v3.5.10, Spring v6.2.15
2026-02-06 17:00:40 [main] INFO  c.c.ChatsphereBackendApplication - The following 1 profile is active: "dev"
2026-02-06 17:00:41 [main] INFO  o.s.d.r.c.RepositoryConfigurationDelegate - Bootstrapping Spring Data MongoDB repositories in DEFAULT mode.
2026-02-06 17:00:41 [main] INFO  o.s.d.r.c.RepositoryConfigurationDelegate - Finished Spring Data repository scanning in 104 ms. Found 3 MongoDB repository interfaces.
2026-02-06 17:00:42 [main] INFO  o.s.b.w.e.tomcat.TomcatWebServer - Tomcat initialized with port 4040 (https)
2026-02-06 17:00:42 [main] INFO  o.a.coyote.http11.Http11NioProtocol - Initializing ProtocolHandler ["https-jsse-nio-4040"]
2026-02-06 17:00:42 [main] INFO  o.a.catalina.core.StandardService - Starting service [Tomcat]
2026-02-06 17:00:42 [main] INFO  o.a.catalina.core.StandardEngine - Starting Servlet engine: [Apache Tomcat/10.1.50]
2026-02-06 17:00:42 [main] INFO  o.a.c.c.C.[Tomcat].[localhost].[/] - Initializing Spring embedded WebApplicationContext
2026-02-06 17:00:42 [main] INFO  o.s.b.w.s.c.ServletWebServerApplicationContext - Root WebApplicationContext: initialization completed in 1508 ms
2026-02-06 17:00:42 [main] DEBUG c.c.security.JwtAuthenticationFilter - Filter 'jwtAuthenticationFilter' configured for use
2026-02-06 17:00:42 [main] INFO  org.mongodb.driver.client - MongoClient with metadata {"driver": {"name": "mongo-java-driver|sync", "version": "5.5.2"}, "os": {"type": "Windows", "name": "Windows 11", "architecture": "amd64", "version": "10.0"}, "platform": "Java/Oracle Corporation/25.0.1+8-LTS-27"} created with settings MongoClientSettings{readPreference=primary, writeConcern=WriteConcern{w=null, wTimeout=null ms, journal=null}, retryWrites=true, retryReads=true, readConcern=ReadConcern{level=null}, credential=null, transportSettings=null, commandListeners=[], codecRegistry=ProvidersCodecRegistry{codecProviders=[ValueCodecProvider{}, BsonValueCodecProvider{}, DBRefCodecProvider{}, DBObjectCodecProvider{}, DocumentCodecProvider{}, CollectionCodecProvider{}, IterableCodecProvider{}, MapCodecProvider{}, GeoJsonCodecProvider{}, GridFSFileCodecProvider{}, Jsr310CodecProvider{}, JsonObjectCodecProvider{}, BsonCodecProvider{}, EnumCodecProvider{}, com.mongodb.client.model.mql.ExpressionCodecProvider@2eda2062, com.mongodb.Jep395RecordCodecProvider@1a9ec80e, com.mongodb.KotlinCodecProvider@7fd4e815]}, loggerSettings=LoggerSettings{maxDocumentLength=1000}, clusterSettings={hosts=[localhost:27017], srvServiceName=mongodb, mode=SINGLE, requiredClusterType=UNKNOWN, requiredReplicaSetName='null', serverSelector='null', clusterListeners='[]', serverSelectionTimeout='30000 ms', localThreshold='15 ms'}, socketSettings=SocketSettings{connectTimeoutMS=10000, readTimeoutMS=0, receiveBufferSize=0, proxySettings=ProxySettings{host=null, port=null, username=null, password=null}}, heartbeatSocketSettings=SocketSettings{connectTimeoutMS=10000, readTimeoutMS=10000, receiveBufferSize=0, proxySettings=ProxySettings{host=null, port=null, username=null, password=null}}, connectionPoolSettings=ConnectionPoolSettings{maxSize=100, minSize=0, maxWaitTimeMS=120000, maxConnectionLifeTimeMS=0, maxConnectionIdleTimeMS=0, maintenanceInitialDelayMS=0, maintenanceFrequencyMS=60000, connectionPoolListeners=[], maxConnecting=2}, serverSettings=ServerSettings{heartbeatFrequencyMS=10000, minHeartbeatFrequencyMS=500, serverMonitoringMode=AUTO, serverListeners='[]', serverMonitorListeners='[]'}, sslSettings=SslSettings{enabled=false, invalidHostNameAllowed=false, context=null}, applicationName='null', compressorList=[], uuidRepresentation=UNSPECIFIED, serverApi=null, autoEncryptionSettings=null, dnsClient=null, inetAddressResolver=null, contextProvider=null, timeoutMS=null}
2026-02-06 17:00:42 [cluster-ClusterId{value='6985d0e2705111133e5808eb', description='null'}-localhost:27017] INFO  org.mongodb.driver.cluster - Monitor thread successfully connected to server with description ServerDescription{address=localhost:27017, type=STANDALONE, cryptd=false, state=CONNECTED, ok=true, minWireVersion=0, maxWireVersion=27, maxDocumentSize=16777216, logicalSessionTimeoutMinutes=30, roundTripTimeNanos=26825300, minRoundTripTimeNanos=0}
2026-02-06 17:00:42 [main] INFO  o.s.s.c.a.a.c.InitializeUserDetailsBeanManagerConfigurer$InitializeUserDetailsManagerConfigurer - Global AuthenticationManager configured with UserDetailsService bean with name customUserDetailsService
2026-02-06 17:00:43 [main] INFO  o.a.coyote.http11.Http11NioProtocol - Starting ProtocolHandler ["https-jsse-nio-4040"]
2026-02-06 17:00:43 [main] INFO  o.a.t.u.net.NioEndpoint.certificate - Connector [https-jsse-nio-4040], TLS virtual host [_default_], certificate type [UNDEFINED] configured from keystore [Set directly - location unknown] using alias [chatsphere] with trust store [null]
2026-02-06 17:00:43 [main] INFO  o.s.b.w.e.tomcat.TomcatWebServer - Tomcat started on port 4040 (https) with context path '/'
2026-02-06 17:00:43 [main] INFO  c.c.ChatsphereBackendApplication - Started ChatsphereBackendApplication in 3.552 seconds (process running for 3.822)
2026-02-06 17:00:53 [https-jsse-nio-4040-exec-2] INFO  o.a.c.c.C.[Tomcat].[localhost].[/] - Initializing Spring DispatcherServlet 'dispatcherServlet'
2026-02-06 17:00:53 [https-jsse-nio-4040-exec-2] INFO  o.s.web.servlet.DispatcherServlet - Initializing Servlet 'dispatcherServlet'
2026-02-06 17:00:53 [https-jsse-nio-4040-exec-2] INFO  o.s.web.servlet.DispatcherServlet - Completed initialization in 1 ms
2026-02-06 17:00:53 [https-jsse-nio-4040-exec-2] DEBUG c.c.w.WebSocketAuthInterceptor - WebSocket handshake attempt. URI: https://localhost:4040/ws/chat?token=eyJhbGciOiJIUzI1NiJ9.eyJzdWIiOiI2OTgzMzhmMzYyNDk5MjhlNjVhODA4NTgiLCJpYXQiOjE3NzAzNzczMDUsImV4cCI6MTc3MDQ2MzcwNX0.BF6WSASl6Y6rTOCei61z0Rl4dzpWQitqUn5t8fOYu4U, Query: token=eyJhbGciOiJIUzI1NiJ9.eyJzdWIiOiI2OTgzMzhmMzYyNDk5MjhlNjVhODA4NTgiLCJpYXQiOjE3NzAzNzczMDUsImV4cCI6MTc3MDQ2MzcwNX0.BF6WSASl6Y6rTOCei61z0Rl4dzpWQitqUn5t8fOYu4U
2026-02-06 17:00:53 [https-jsse-nio-4040-exec-2] INFO  c.c.w.WebSocketAuthInterceptor - WebSocket handshake successful for user: 698338f36249928e65a80858
2026-02-06 17:01:13 [https-jsse-nio-4040-exec-2] DEBUG c.c.w.WebSocketAuthInterceptor - WebSocket handshake attempt. URI: https://localhost:4040/ws/chat?token=eyJhbGciOiJIUzI1NiJ9.eyJzdWIiOiI2OTg0MmM0MjA2MTk3NDUxODYwNTE4YjQiLCJpYXQiOjE3NzAzNzczNTYsImV4cCI6MTc3MDQ2Mzc1Nn0.AeWBTV8S4lyStwEDudWfAvp69JwLrsSrkcEXQV0WZDM, Query: token=eyJhbGciOiJIUzI1NiJ9.eyJzdWIiOiI2OTg0MmM0MjA2MTk3NDUxODYwNTE4YjQiLCJpYXQiOjE3NzAzNzczNTYsImV4cCI6MTc3MDQ2Mzc1Nn0.AeWBTV8S4lyStwEDudWfAvp69JwLrsSrkcEXQV0WZDM
2026-02-06 17:01:13 [https-jsse-nio-4040-exec-2] INFO  c.c.w.WebSocketAuthInterceptor - WebSocket handshake successful for user: 69842c4206197451860518b4
2026-02-06 17:01:13 [https-jsse-nio-4040-exec-6] DEBUG c.c.w.WebSocketAuthInterceptor - WebSocket handshake attempt. URI: https://localhost:4040/ws/chat?token=eyJhbGciOiJIUzI1NiJ9.eyJzdWIiOiI2OTg0MmM0MjA2MTk3NDUxODYwNTE4YjQiLCJpYXQiOjE3NzAzNzczNTYsImV4cCI6MTc3MDQ2Mzc1Nn0.AeWBTV8S4lyStwEDudWfAvp69JwLrsSrkcEXQV0WZDM, Query: token=eyJhbGciOiJIUzI1NiJ9.eyJzdWIiOiI2OTg0MmM0MjA2MTk3NDUxODYwNTE4YjQiLCJpYXQiOjE3NzAzNzczNTYsImV4cCI6MTc3MDQ2Mzc1Nn0.AeWBTV8S4lyStwEDudWfAvp69JwLrsSrkcEXQV0WZDM
2026-02-06 17:01:13 [https-jsse-nio-4040-exec-6] INFO  c.c.w.WebSocketAuthInterceptor - WebSocket handshake successful for user: 69842c4206197451860518b4
2026-02-06 17:01:48 [https-jsse-nio-4040-exec-7] DEBUG c.c.w.WebSocketAuthInterceptor - WebSocket handshake attempt. URI: https://localhost:4040/ws/chat?token=eyJhbGciOiJIUzI1NiJ9.eyJzdWIiOiI2OTg0MmM0MjA2MTk3NDUxODYwNTE4YjQiLCJpYXQiOjE3NzAzNzczNTYsImV4cCI6MTc3MDQ2Mzc1Nn0.AeWBTV8S4lyStwEDudWfAvp69JwLrsSrkcEXQV0WZDM, Query: token=eyJhbGciOiJIUzI1NiJ9.eyJzdWIiOiI2OTg0MmM0MjA2MTk3NDUxODYwNTE4YjQiLCJpYXQiOjE3NzAzNzczNTYsImV4cCI6MTc3MDQ2Mzc1Nn0.AeWBTV8S4lyStwEDudWfAvp69JwLrsSrkcEXQV0WZDM
2026-02-06 17:01:48 [https-jsse-nio-4040-exec-7] INFO  c.c.w.WebSocketAuthInterceptor - WebSocket handshake successful for user: 69842c4206197451860518b4
2026-02-06 17:01:48 [https-jsse-nio-4040-exec-1] DEBUG c.c.w.WebSocketAuthInterceptor - WebSocket handshake attempt. URI: https://localhost:4040/ws/chat?token=eyJhbGciOiJIUzI1NiJ9.eyJzdWIiOiI2OTg0MmM0MjA2MTk3NDUxODYwNTE4YjQiLCJpYXQiOjE3NzAzNzczNTYsImV4cCI6MTc3MDQ2Mzc1Nn0.AeWBTV8S4lyStwEDudWfAvp69JwLrsSrkcEXQV0WZDM, Query: token=eyJhbGciOiJIUzI1NiJ9.eyJzdWIiOiI2OTg0MmM0MjA2MTk3NDUxODYwNTE4YjQiLCJpYXQiOjE3NzAzNzczNTYsImV4cCI6MTc3MDQ2Mzc1Nn0.AeWBTV8S4lyStwEDudWfAvp69JwLrsSrkcEXQV0WZDM
2026-02-06 17:01:48 [https-jsse-nio-4040-exec-1] INFO  c.c.w.WebSocketAuthInterceptor - WebSocket handshake successful for user: 69842c4206197451860518b4
2026-02-06 17:06:04 [SpringApplicationShutdownHook] INFO  o.s.b.w.e.tomcat.GracefulShutdown - Commencing graceful shutdown. Waiting for active requests to complete
2026-02-06 17:06:04 [tomcat-shutdown] INFO  o.s.b.w.e.tomcat.GracefulShutdown - Graceful shutdown complete
2026-02-06 17:09:59 [background-preinit] INFO  o.h.validator.internal.util.Version - HV000001: Hibernate Validator 8.0.3.Final
2026-02-06 17:09:59 [main] INFO  c.c.ChatsphereBackendApplication - Starting ChatsphereBackendApplication using Java 25.0.1 with PID 25616 (D:\Project\ChatSphere\chatsphere-backend\target\classes started by hetpr in D:\Project\ChatSphere\chatsphere-backend)
2026-02-06 17:09:59 [main] DEBUG c.c.ChatsphereBackendApplication - Running with Spring Boot v3.5.10, Spring v6.2.15
2026-02-06 17:09:59 [main] INFO  c.c.ChatsphereBackendApplication - The following 1 profile is active: "dev"
2026-02-06 17:09:59 [main] WARN  o.s.b.w.s.c.AnnotationConfigServletWebServerApplicationContext - Exception encountered during context initialization - cancelling refresh attempt: java.lang.annotation.AnnotationFormatError: Duplicate annotation interface org.springframework.context.annotation.Bean in class com.chatsphere.config.AppConfig
2026-02-06 17:09:59 [main] INFO  o.s.b.a.l.ConditionEvaluationReportLogger - 

Error starting ApplicationContext. To display the condition evaluation report re-run your application with 'debug' enabled.
2026-02-06 17:09:59 [main] ERROR o.s.boot.SpringApplication - Application run failed
java.lang.annotation.AnnotationFormatError: Duplicate annotation interface org.springframework.context.annotation.Bean in class com.chatsphere.config.AppConfig
	at java.base/sun.reflect.annotation.AnnotationParser.parseAnnotations2(AnnotationParser.java:125)
	at java.base/sun.reflect.annotation.AnnotationParser.parseAnnotations(AnnotationParser.java:72)
	at java.base/java.lang.reflect.Executable.declaredAnnotations(Executable.java:668)
	at java.base/java.lang.reflect.Executable.declaredAnnotations(Executable.java:666)
	at java.base/java.lang.reflect.Executable.getDeclaredAnnotations(Executable.java:654)
	at java.base/java.lang.reflect.Method.getDeclaredAnnotations(Method.java:787)
	at org.springframework.core.annotation.AnnotationsScanner.getDeclaredAnnotations(AnnotationsScanner.java:446)
	at org.springframework.core.annotation.AnnotationsScanner.isKnownEmpty(AnnotationsScanner.java:486)
	at org.springframework.core.annotation.TypeMappedAnnotations.from(TypeMappedAnnotations.java:259)
	at org.springframework.core.annotation.MergedAnnotations.from(MergedAnnotations.java:382)
	at org.springframework.core.annotation.MergedAnnotations.from(MergedAnnotations.java:370)
	at org.springframework.core.annotation.MergedAnnotations.from(MergedAnnotations.java:350)
	at org.springframework.core.annotation.AnnotatedElementUtils.findAnnotations(AnnotatedElementUtils.java:805)
	at org.springframework.core.annotation.AnnotatedElementUtils.hasAnnotation(AnnotatedElementUtils.java:546)
	at org.springframework.context.annotation.BeanAnnotationHelper.isBeanAnnotated(BeanAnnotationHelper.java:41)
	at org.springframework.context.annotation.ConfigurationClassBeanDefinitionReader$ConfigurationClassBeanDefinition.isFactoryMethod(ConfigurationClassBeanDefinitionReader.java:467)
	at org.springframework.beans.factory.support.AbstractAutowireCapableBeanFactory.getTypeForFactoryMethod(AbstractAutowireCapableBeanFactory.java:760)
	at org.springframework.beans.factory.support.AbstractAutowireCapableBeanFactory.determineTargetType(AbstractAutowireCapableBeanFactory.java:689)
	at org.springframework.beans.factory.support.AbstractAutowireCapableBeanFactory.predictBeanType(AbstractAutowireCapableBeanFactory.java:660)
	at org.springframework.beans.factory.support.AbstractBeanFactory.isFactoryBean(AbstractBeanFactory.java:1715)
	at org.springframework.beans.factory.support.DefaultListableBeanFactory.doGetBeanNamesForType(DefaultListableBeanFactory.java:640)
	at org.springframework.beans.factory.support.DefaultListableBeanFactory.getBeanNamesForType(DefaultListableBeanFactory.java:612)
	at org.springframework.beans.factory.support.DefaultListableBeanFactory.getBeanNamesForType(DefaultListableBeanFactory.java:597)
	at org.springframework.boot.autoconfigure.condition.OnBeanCondition.collectBeanDefinitionsForType(OnBeanCondition.java:326)
	at org.springframework.boot.autoconfigure.condition.OnBeanCondition.getBeanDefinitionsForType(OnBeanCondition.java:315)
	at org.springframework.boot.autoconfigure.condition.OnBeanCondition.getMatchingBeans(OnBeanCondition.java:214)
	at org.springframework.boot.autoconfigure.condition.OnBeanCondition.evaluateConditionalOnMissingBean(OnBeanCondition.java:197)
	at org.springframework.boot.autoconfigure.condition.OnBeanCondition.getMatchOutcome(OnBeanCondition.java:144)
	at org.springframework.boot.autoconfigure.condition.SpringBootCondition.matches(SpringBootCondition.java:47)
	at org.springframework.context.annotation.ConditionEvaluator.shouldSkip(ConditionEvaluator.java:99)
	at org.springframework.context.annotation.ConfigurationClassBeanDefinitionReader.loadBeanDefinitionsForBeanMethod(ConfigurationClassBeanDefinitionReader.java:191)
	at org.springframework.context.annotation.ConfigurationClassBeanDefinitionReader.loadBeanDefinitionsForConfigurationClass(ConfigurationClassBeanDefinitionReader.java:144)
	at org.springframework.context.annotation.ConfigurationClassBeanDefinitionReader.loadBeanDefinitions(ConfigurationClassBeanDefinitionReader.java:120)
	at org.springframework.context.annotation.ConfigurationClassPostProcessor.processConfigBeanDefinitions(ConfigurationClassPostProcessor.java:430)
	at org.springframework.context.annotation.ConfigurationClassPostProcessor.postProcessBeanDefinitionRegistry(ConfigurationClassPostProcessor.java:290)
	at org.springframework.context.support.PostProcessorRegistrationDelegate.invokeBeanDefinitionRegistryPostProcessors(PostProcessorRegistrationDelegate.java:349)
	at org.springframework.context.support.PostProcessorRegistrationDelegate.invokeBeanFactoryPostProcessors(PostProcessorRegistrationDelegate.java:118)
	at org.springframework.context.support.AbstractApplicationContext.invokeBeanFactoryPostProcessors(AbstractApplicationContext.java:791)
	at org.springframework.context.support.AbstractApplicationContext.refresh(AbstractApplicationContext.java:609)
	at org.springframework.boot.web.servlet.context.ServletWebServerApplicationContext.refresh(ServletWebServerApplicationContext.java:146)
	at org.springframework.boot.SpringApplication.refresh(SpringApplication.java:752)
	at org.springframework.boot.SpringApplication.refreshContext(SpringApplication.java:439)
	at org.springframework.boot.SpringApplication.run(SpringApplication.java:318)
	at org.springframework.boot.SpringApplication.run(SpringApplication.java:1361)
	at org.springframework.boot.SpringApplication.run(SpringApplication.java:1350)
	at com.chatsphere.ChatsphereBackendApplication.main(ChatsphereBackendApplication.java:10)
2026-02-06 19:07:00 [background-preinit] INFO  o.h.validator.internal.util.Version - HV000001: Hibernate Validator 8.0.3.Final
2026-02-06 19:07:00 [main] INFO  c.c.ChatsphereBackendApplication - Starting ChatsphereBackendApplication using Java 25.0.1 with PID 25520 (D:\Project\ChatSphere\chatsphere-backend\target\classes started by hetpr in D:\Project\ChatSphere\chatsphere-backend)
2026-02-06 19:07:00 [main] DEBUG c.c.ChatsphereBackendApplication - Running with Spring Boot v3.5.10, Spring v6.2.15
2026-02-06 19:07:00 [main] INFO  c.c.ChatsphereBackendApplication - The following 1 profile is active: "dev"
2026-02-06 19:07:01 [main] INFO  o.s.d.r.c.RepositoryConfigurationDelegate - Bootstrapping Spring Data MongoDB repositories in DEFAULT mode.
2026-02-06 19:07:01 [main] INFO  o.s.d.r.c.RepositoryConfigurationDelegate - Finished Spring Data repository scanning in 68 ms. Found 3 MongoDB repository interfaces.
2026-02-06 19:07:01 [main] INFO  o.s.b.w.e.tomcat.TomcatWebServer - Tomcat initialized with port 4040 (http)
2026-02-06 19:07:01 [main] INFO  o.a.coyote.http11.Http11NioProtocol - Initializing ProtocolHandler ["http-nio-4040"]
2026-02-06 19:07:01 [main] INFO  o.a.catalina.core.StandardService - Starting service [Tomcat]
2026-02-06 19:07:01 [main] INFO  o.a.catalina.core.StandardEngine - Starting Servlet engine: [Apache Tomcat/10.1.50]
2026-02-06 19:07:01 [main] INFO  o.a.c.c.C.[Tomcat].[localhost].[/] - Initializing Spring embedded WebApplicationContext
2026-02-06 19:07:01 [main] INFO  o.s.b.w.s.c.ServletWebServerApplicationContext - Root WebApplicationContext: initialization completed in 1462 ms
2026-02-06 19:07:01 [main] DEBUG c.c.security.JwtAuthenticationFilter - Filter 'jwtAuthenticationFilter' configured for use
2026-02-06 19:07:02 [main] INFO  org.mongodb.driver.client - MongoClient with metadata {"driver": {"name": "mongo-java-driver|sync", "version": "5.5.2"}, "os": {"type": "Windows", "name": "Windows 11", "architecture": "amd64", "version": "10.0"}, "platform": "Java/Oracle Corporation/25.0.1+8-LTS-27"} created with settings MongoClientSettings{readPreference=primary, writeConcern=WriteConcern{w=null, wTimeout=null ms, journal=null}, retryWrites=true, retryReads=true, readConcern=ReadConcern{level=null}, credential=null, transportSettings=null, commandListeners=[], codecRegistry=ProvidersCodecRegistry{codecProviders=[ValueCodecProvider{}, BsonValueCodecProvider{}, DBRefCodecProvider{}, DBObjectCodecProvider{}, DocumentCodecProvider{}, CollectionCodecProvider{}, IterableCodecProvider{}, MapCodecProvider{}, GeoJsonCodecProvider{}, GridFSFileCodecProvider{}, Jsr310CodecProvider{}, JsonObjectCodecProvider{}, BsonCodecProvider{}, EnumCodecProvider{}, com.mongodb.client.model.mql.ExpressionCodecProvider@1df5c7e3, com.mongodb.Jep395RecordCodecProvider@5e0c4f21, com.mongodb.KotlinCodecProvider@2c18a3ea]}, loggerSettings=LoggerSettings{maxDocumentLength=1000}, clusterSettings={hosts=[localhost:27017], srvServiceName=mongodb, mode=SINGLE, requiredClusterType=UNKNOWN, requiredReplicaSetName='null', serverSelector='null', clusterListeners='[]', serverSelectionTimeout='30000 ms', localThreshold='15 ms'}, socketSettings=SocketSettings{connectTimeoutMS=10000, readTimeoutMS=0, receiveBufferSize=0, proxySettings=ProxySettings{host=null, port=null, username=null, password=null}}, heartbeatSocketSettings=SocketSettings{connectTimeoutMS=10000, readTimeoutMS=10000, receiveBufferSize=0, proxySettings=ProxySettings{host=null, port=null, username=null, password=null}}, connectionPoolSettings=ConnectionPoolSettings{maxSize=100, minSize=0, maxWaitTimeMS=120000, maxConnectionLifeTimeMS=0, maxConnectionIdleTimeMS=0, maintenanceInitialDelayMS=0, maintenanceFrequencyMS=60000, connectionPoolListeners=[], maxConnecting=2}, serverSettings=ServerSettings{heartbeatFrequencyMS=10000, minHeartbeatFrequencyMS=500, serverMonitoringMode=AUTO, serverListeners='[]', serverMonitorListeners='[]'}, sslSettings=SslSettings{enabled=false, invalidHostNameAllowed=false, context=null}, applicationName='null', compressorList=[], uuidRepresentation=UNSPECIFIED, serverApi=null, autoEncryptionSettings=null, dnsClient=null, inetAddressResolver=null, contextProvider=null, timeoutMS=null}
2026-02-06 19:07:02 [cluster-ClusterId{value='6985ee7e4d71dcec241c4c34', description='null'}-localhost:27017] INFO  org.mongodb.driver.cluster - Monitor thread successfully connected to server with description ServerDescription{address=localhost:27017, type=STANDALONE, cryptd=false, state=CONNECTED, ok=true, minWireVersion=0, maxWireVersion=27, maxDocumentSize=16777216, logicalSessionTimeoutMinutes=30, roundTripTimeNanos=21071900, minRoundTripTimeNanos=0}
2026-02-06 19:07:02 [main] WARN  o.s.b.w.s.c.AnnotationConfigServletWebServerApplicationContext - Exception encountered during context initialization - cancelling refresh attempt: org.springframework.beans.factory.UnsatisfiedDependencyException: Error creating bean with name 'emailService' defined in file [D:\Project\ChatSphere\chatsphere-backend\target\classes\com\chatsphere\service\EmailService.class]: Unsatisfied dependency expressed through constructor parameter 0: No qualifying bean of type 'org.springframework.mail.javamail.JavaMailSender' available: expected at least 1 bean which qualifies as autowire candidate. Dependency annotations: {}
2026-02-06 19:07:02 [main] INFO  o.a.catalina.core.StandardService - Stopping service [Tomcat]
2026-02-06 19:07:02 [main] INFO  o.s.b.a.l.ConditionEvaluationReportLogger - 

Error starting ApplicationContext. To display the condition evaluation report re-run your application with 'debug' enabled.
2026-02-06 19:07:02 [main] ERROR o.s.b.d.LoggingFailureAnalysisReporter - 

***************************
APPLICATION FAILED TO START
***************************

Description:

Parameter 0 of constructor in com.chatsphere.service.EmailService required a bean of type 'org.springframework.mail.javamail.JavaMailSender' that could not be found.


Action:

Consider defining a bean of type 'org.springframework.mail.javamail.JavaMailSender' in your configuration.

2026-02-06 19:12:02 [background-preinit] INFO  o.h.validator.internal.util.Version - HV000001: Hibernate Validator 8.0.3.Final
2026-02-06 19:12:02 [main] INFO  c.c.ChatsphereBackendApplication - Starting ChatsphereBackendApplication using Java 25.0.1 with PID 27188 (D:\Project\ChatSphere\chatsphere-backend\target\classes started by hetpr in D:\Project\ChatSphere\chatsphere-backend)
2026-02-06 19:12:02 [main] DEBUG c.c.ChatsphereBackendApplication - Running with Spring Boot v3.5.10, Spring v6.2.15
2026-02-06 19:12:02 [main] INFO  c.c.ChatsphereBackendApplication - The following 1 profile is active: "dev"
2026-02-06 19:12:02 [main] INFO  o.s.d.r.c.RepositoryConfigurationDelegate - Bootstrapping Spring Data MongoDB repositories in DEFAULT mode.
2026-02-06 19:12:03 [main] INFO  o.s.d.r.c.RepositoryConfigurationDelegate - Finished Spring Data repository scanning in 72 ms. Found 3 MongoDB repository interfaces.
2026-02-06 19:12:03 [main] INFO  o.s.b.w.e.tomcat.TomcatWebServer - Tomcat initialized with port 4040 (http)
2026-02-06 19:12:03 [main] INFO  o.a.coyote.http11.Http11NioProtocol - Initializing ProtocolHandler ["http-nio-4040"]
2026-02-06 19:12:03 [main] INFO  o.a.catalina.core.StandardService - Starting service [Tomcat]
2026-02-06 19:12:03 [main] INFO  o.a.catalina.core.StandardEngine - Starting Servlet engine: [Apache Tomcat/10.1.50]
2026-02-06 19:12:03 [main] INFO  o.a.c.c.C.[Tomcat].[localhost].[/] - Initializing Spring embedded WebApplicationContext
2026-02-06 19:12:03 [main] INFO  o.s.b.w.s.c.ServletWebServerApplicationContext - Root WebApplicationContext: initialization completed in 1386 ms
2026-02-06 19:12:03 [main] DEBUG c.c.security.JwtAuthenticationFilter - Filter 'jwtAuthenticationFilter' configured for use
2026-02-06 19:12:03 [main] INFO  org.mongodb.driver.client - MongoClient with metadata {"driver": {"name": "mongo-java-driver|sync", "version": "5.5.2"}, "os": {"type": "Windows", "name": "Windows 11", "architecture": "amd64", "version": "10.0"}, "platform": "Java/Oracle Corporation/25.0.1+8-LTS-27"} created with settings MongoClientSettings{readPreference=primary, writeConcern=WriteConcern{w=null, wTimeout=null ms, journal=null}, retryWrites=true, retryReads=true, readConcern=ReadConcern{level=null}, credential=null, transportSettings=null, commandListeners=[], codecRegistry=ProvidersCodecRegistry{codecProviders=[ValueCodecProvider{}, BsonValueCodecProvider{}, DBRefCodecProvider{}, DBObjectCodecProvider{}, DocumentCodecProvider{}, CollectionCodecProvider{}, IterableCodecProvider{}, MapCodecProvider{}, GeoJsonCodecProvider{}, GridFSFileCodecProvider{}, Jsr310CodecProvider{}, JsonObjectCodecProvider{}, BsonCodecProvider{}, EnumCodecProvider{}, com.mongodb.client.model.mql.ExpressionCodecProvider@413d2cd1, com.mongodb.Jep395RecordCodecProvider@644d1b61, com.mongodb.KotlinCodecProvider@2443135]}, loggerSettings=LoggerSettings{maxDocumentLength=1000}, clusterSettings={hosts=[localhost:27017], srvServiceName=mongodb, mode=SINGLE, requiredClusterType=UNKNOWN, requiredReplicaSetName='null', serverSelector='null', clusterListeners='[]', serverSelectionTimeout='30000 ms', localThreshold='15 ms'}, socketSettings=SocketSettings{connectTimeoutMS=10000, readTimeoutMS=0, receiveBufferSize=0, proxySettings=ProxySettings{host=null, port=null, username=null, password=null}}, heartbeatSocketSettings=SocketSettings{connectTimeoutMS=10000, readTimeoutMS=10000, receiveBufferSize=0, proxySettings=ProxySettings{host=null, port=null, username=null, password=null}}, connectionPoolSettings=ConnectionPoolSettings{maxSize=100, minSize=0, maxWaitTimeMS=120000, maxConnectionLifeTimeMS=0, maxConnectionIdleTimeMS=0, maintenanceInitialDelayMS=0, maintenanceFrequencyMS=60000, connectionPoolListeners=[], maxConnecting=2}, serverSettings=ServerSettings{heartbeatFrequencyMS=10000, minHeartbeatFrequencyMS=500, serverMonitoringMode=AUTO, serverListeners='[]', serverMonitorListeners='[]'}, sslSettings=SslSettings{enabled=false, invalidHostNameAllowed=false, context=null}, applicationName='null', compressorList=[], uuidRepresentation=UNSPECIFIED, serverApi=null, autoEncryptionSettings=null, dnsClient=null, inetAddressResolver=null, contextProvider=null, timeoutMS=null}
2026-02-06 19:12:03 [cluster-ClusterId{value='6985efabd6096447426df645', description='null'}-localhost:27017] INFO  org.mongodb.driver.cluster - Monitor thread successfully connected to server with description ServerDescription{address=localhost:27017, type=STANDALONE, cryptd=false, state=CONNECTED, ok=true, minWireVersion=0, maxWireVersion=27, maxDocumentSize=16777216, logicalSessionTimeoutMinutes=30, roundTripTimeNanos=63403300, minRoundTripTimeNanos=0}
2026-02-06 19:12:04 [main] INFO  o.s.s.c.a.a.c.InitializeUserDetailsBeanManagerConfigurer$InitializeUserDetailsManagerConfigurer - Global AuthenticationManager configured with UserDetailsService bean with name customUserDetailsService
2026-02-06 19:12:04 [main] INFO  o.a.coyote.http11.Http11NioProtocol - Starting ProtocolHandler ["http-nio-4040"]
2026-02-06 19:12:04 [main] INFO  o.s.b.w.e.tomcat.TomcatWebServer - Tomcat started on port 4040 (http) with context path '/'
2026-02-06 19:12:04 [main] INFO  c.c.ChatsphereBackendApplication - Started ChatsphereBackendApplication in 3.497 seconds (process running for 3.846)
2026-02-06 19:13:38 [SpringApplicationShutdownHook] INFO  o.s.b.w.e.tomcat.GracefulShutdown - Commencing graceful shutdown. Waiting for active requests to complete
2026-02-06 19:13:38 [tomcat-shutdown] INFO  o.s.b.w.e.tomcat.GracefulShutdown - Graceful shutdown complete
2026-02-06 19:17:15 [background-preinit] INFO  o.h.validator.internal.util.Version - HV000001: Hibernate Validator 8.0.3.Final
2026-02-06 19:17:15 [main] INFO  c.c.ChatsphereBackendApplication - Starting ChatsphereBackendApplication using Java 25.0.1 with PID 10772 (D:\Project\ChatSphere\chatsphere-backend\target\classes started by hetpr in D:\Project\ChatSphere\chatsphere-backend)
2026-02-06 19:17:15 [main] DEBUG c.c.ChatsphereBackendApplication - Running with Spring Boot v3.5.10, Spring v6.2.15
2026-02-06 19:17:15 [main] INFO  c.c.ChatsphereBackendApplication - The following 1 profile is active: "dev"
2026-02-06 19:17:16 [main] INFO  o.s.d.r.c.RepositoryConfigurationDelegate - Bootstrapping Spring Data MongoDB repositories in DEFAULT mode.
2026-02-06 19:17:16 [main] INFO  o.s.d.r.c.RepositoryConfigurationDelegate - Finished Spring Data repository scanning in 77 ms. Found 3 MongoDB repository interfaces.
2026-02-06 19:17:17 [main] INFO  o.s.b.w.e.tomcat.TomcatWebServer - Tomcat initialized with port 4040 (http)
2026-02-06 19:17:17 [main] INFO  o.a.coyote.http11.Http11NioProtocol - Initializing ProtocolHandler ["http-nio-4040"]
2026-02-06 19:17:17 [main] INFO  o.a.catalina.core.StandardService - Starting service [Tomcat]
2026-02-06 19:17:17 [main] INFO  o.a.catalina.core.StandardEngine - Starting Servlet engine: [Apache Tomcat/10.1.50]
2026-02-06 19:17:17 [main] INFO  o.a.c.c.C.[Tomcat].[localhost].[/] - Initializing Spring embedded WebApplicationContext
2026-02-06 19:17:17 [main] INFO  o.s.b.w.s.c.ServletWebServerApplicationContext - Root WebApplicationContext: initialization completed in 1539 ms
2026-02-06 19:17:17 [main] DEBUG c.c.security.JwtAuthenticationFilter - Filter 'jwtAuthenticationFilter' configured for use
2026-02-06 19:17:17 [main] INFO  org.mongodb.driver.client - MongoClient with metadata {"driver": {"name": "mongo-java-driver|sync", "version": "5.5.2"}, "os": {"type": "Windows", "name": "Windows 11", "architecture": "amd64", "version": "10.0"}, "platform": "Java/Oracle Corporation/25.0.1+8-LTS-27"} created with settings MongoClientSettings{readPreference=primary, writeConcern=WriteConcern{w=null, wTimeout=null ms, journal=null}, retryWrites=true, retryReads=true, readConcern=ReadConcern{level=null}, credential=null, transportSettings=null, commandListeners=[], codecRegistry=ProvidersCodecRegistry{codecProviders=[ValueCodecProvider{}, BsonValueCodecProvider{}, DBRefCodecProvider{}, DBObjectCodecProvider{}, DocumentCodecProvider{}, CollectionCodecProvider{}, IterableCodecProvider{}, MapCodecProvider{}, GeoJsonCodecProvider{}, GridFSFileCodecProvider{}, Jsr310CodecProvider{}, JsonObjectCodecProvider{}, BsonCodecProvider{}, EnumCodecProvider{}, com.mongodb.client.model.mql.ExpressionCodecProvider@6371cf2f, com.mongodb.Jep395RecordCodecProvider@b5b9333, com.mongodb.KotlinCodecProvider@52b959df]}, loggerSettings=LoggerSettings{maxDocumentLength=1000}, clusterSettings={hosts=[localhost:27017], srvServiceName=mongodb, mode=SINGLE, requiredClusterType=UNKNOWN, requiredReplicaSetName='null', serverSelector='null', clusterListeners='[]', serverSelectionTimeout='30000 ms', localThreshold='15 ms'}, socketSettings=SocketSettings{connectTimeoutMS=10000, readTimeoutMS=0, receiveBufferSize=0, proxySettings=ProxySettings{host=null, port=null, username=null, password=null}}, heartbeatSocketSettings=SocketSettings{connectTimeoutMS=10000, readTimeoutMS=10000, receiveBufferSize=0, proxySettings=ProxySettings{host=null, port=null, username=null, password=null}}, connectionPoolSettings=ConnectionPoolSettings{maxSize=100, minSize=0, maxWaitTimeMS=120000, maxConnectionLifeTimeMS=0, maxConnectionIdleTimeMS=0, maintenanceInitialDelayMS=0, maintenanceFrequencyMS=60000, connectionPoolListeners=[], maxConnecting=2}, serverSettings=ServerSettings{heartbeatFrequencyMS=10000, minHeartbeatFrequencyMS=500, serverMonitoringMode=AUTO, serverListeners='[]', serverMonitorListeners='[]'}, sslSettings=SslSettings{enabled=false, invalidHostNameAllowed=false, context=null}, applicationName='null', compressorList=[], uuidRepresentation=UNSPECIFIED, serverApi=null, autoEncryptionSettings=null, dnsClient=null, inetAddressResolver=null, contextProvider=null, timeoutMS=null}
2026-02-06 19:17:17 [cluster-ClusterId{value='6985f0e5e1a7a4343458c465', description='null'}-localhost:27017] INFO  org.mongodb.driver.cluster - Monitor thread successfully connected to server with description ServerDescription{address=localhost:27017, type=STANDALONE, cryptd=false, state=CONNECTED, ok=true, minWireVersion=0, maxWireVersion=27, maxDocumentSize=16777216, logicalSessionTimeoutMinutes=30, roundTripTimeNanos=20124800, minRoundTripTimeNanos=0}
2026-02-06 19:17:19 [main] INFO  o.s.s.c.a.a.c.InitializeUserDetailsBeanManagerConfigurer$InitializeUserDetailsManagerConfigurer - Global AuthenticationManager configured with UserDetailsService bean with name customUserDetailsService
2026-02-06 19:17:21 [main] INFO  o.a.coyote.http11.Http11NioProtocol - Starting ProtocolHandler ["http-nio-4040"]
2026-02-06 19:17:21 [main] INFO  o.s.b.w.e.tomcat.TomcatWebServer - Tomcat started on port 4040 (http) with context path '/'
2026-02-06 19:17:21 [main] INFO  c.c.ChatsphereBackendApplication - Started ChatsphereBackendApplication in 6.498 seconds (process running for 6.814)
2026-02-06 19:17:21 [http-nio-4040-exec-1] INFO  o.a.c.c.C.[Tomcat].[localhost].[/] - Initializing Spring DispatcherServlet 'dispatcherServlet'
2026-02-06 19:17:21 [http-nio-4040-exec-1] INFO  o.s.web.servlet.DispatcherServlet - Initializing Servlet 'dispatcherServlet'
2026-02-06 19:17:21 [http-nio-4040-exec-1] INFO  o.s.web.servlet.DispatcherServlet - Completed initialization in 1 ms
2026-02-06 19:17:21 [http-nio-4040-exec-1] DEBUG c.c.w.WebSocketAuthInterceptor - WebSocket handshake attempt. URI: http://localhost:4040/ws/chat?token=eyJhbGciOiJIUzI1NiJ9.eyJzdWIiOiI2OTgzMzhmMzYyNDk5MjhlNjVhODA4NTgiLCJpYXQiOjE3NzAzNzczMDUsImV4cCI6MTc3MDQ2MzcwNX0.BF6WSASl6Y6rTOCei61z0Rl4dzpWQitqUn5t8fOYu4U, Query: token=eyJhbGciOiJIUzI1NiJ9.eyJzdWIiOiI2OTgzMzhmMzYyNDk5MjhlNjVhODA4NTgiLCJpYXQiOjE3NzAzNzczMDUsImV4cCI6MTc3MDQ2MzcwNX0.BF6WSASl6Y6rTOCei61z0Rl4dzpWQitqUn5t8fOYu4U
2026-02-06 19:17:21 [http-nio-4040-exec-1] INFO  c.c.w.WebSocketAuthInterceptor - WebSocket handshake successful for user: 698338f36249928e65a80858
2026-02-06 19:17:54 [http-nio-4040-exec-9] DEBUG c.c.w.WebSocketAuthInterceptor - WebSocket handshake attempt. URI: http://localhost:4040/ws/chat?token=eyJhbGciOiJIUzI1NiJ9.eyJzdWIiOiI2OTgzMzhmMzYyNDk5MjhlNjVhODA4NTgiLCJpYXQiOjE3NzAzNzczMDUsImV4cCI6MTc3MDQ2MzcwNX0.BF6WSASl6Y6rTOCei61z0Rl4dzpWQitqUn5t8fOYu4U, Query: token=eyJhbGciOiJIUzI1NiJ9.eyJzdWIiOiI2OTgzMzhmMzYyNDk5MjhlNjVhODA4NTgiLCJpYXQiOjE3NzAzNzczMDUsImV4cCI6MTc3MDQ2MzcwNX0.BF6WSASl6Y6rTOCei61z0Rl4dzpWQitqUn5t8fOYu4U
2026-02-06 19:17:54 [http-nio-4040-exec-9] INFO  c.c.w.WebSocketAuthInterceptor - WebSocket handshake successful for user: 698338f36249928e65a80858
2026-02-06 19:18:10 [http-nio-4040-exec-3] DEBUG c.c.w.WebSocketAuthInterceptor - WebSocket handshake attempt. URI: http://localhost:4040/ws/chat?token=eyJhbGciOiJIUzI1NiJ9.eyJzdWIiOiI2OTgzMzhmMzYyNDk5MjhlNjVhODA4NTgiLCJpYXQiOjE3NzAzNzczMDUsImV4cCI6MTc3MDQ2MzcwNX0.BF6WSASl6Y6rTOCei61z0Rl4dzpWQitqUn5t8fOYu4U, Query: token=eyJhbGciOiJIUzI1NiJ9.eyJzdWIiOiI2OTgzMzhmMzYyNDk5MjhlNjVhODA4NTgiLCJpYXQiOjE3NzAzNzczMDUsImV4cCI6MTc3MDQ2MzcwNX0.BF6WSASl6Y6rTOCei61z0Rl4dzpWQitqUn5t8fOYu4U
2026-02-06 19:18:10 [http-nio-4040-exec-3] INFO  c.c.w.WebSocketAuthInterceptor - WebSocket handshake successful for user: 698338f36249928e65a80858
2026-02-06 19:18:16 [http-nio-4040-exec-1] DEBUG c.c.w.WebSocketAuthInterceptor - WebSocket handshake attempt. URI: http://localhost:4040/ws/chat?token=eyJhbGciOiJIUzI1NiJ9.eyJzdWIiOiI2OTg0MmM0MjA2MTk3NDUxODYwNTE4YjQiLCJpYXQiOjE3NzAzNzczNTYsImV4cCI6MTc3MDQ2Mzc1Nn0.AeWBTV8S4lyStwEDudWfAvp69JwLrsSrkcEXQV0WZDM, Query: token=eyJhbGciOiJIUzI1NiJ9.eyJzdWIiOiI2OTg0MmM0MjA2MTk3NDUxODYwNTE4YjQiLCJpYXQiOjE3NzAzNzczNTYsImV4cCI6MTc3MDQ2Mzc1Nn0.AeWBTV8S4lyStwEDudWfAvp69JwLrsSrkcEXQV0WZDM
2026-02-06 19:18:16 [http-nio-4040-exec-1] INFO  c.c.w.WebSocketAuthInterceptor - WebSocket handshake successful for user: 69842c4206197451860518b4
2026-02-06 19:18:16 [http-nio-4040-exec-5] DEBUG c.c.w.WebSocketAuthInterceptor - WebSocket handshake attempt. URI: http://localhost:4040/ws/chat?token=eyJhbGciOiJIUzI1NiJ9.eyJzdWIiOiI2OTg0MmM0MjA2MTk3NDUxODYwNTE4YjQiLCJpYXQiOjE3NzAzNzczNTYsImV4cCI6MTc3MDQ2Mzc1Nn0.AeWBTV8S4lyStwEDudWfAvp69JwLrsSrkcEXQV0WZDM, Query: token=eyJhbGciOiJIUzI1NiJ9.eyJzdWIiOiI2OTg0MmM0MjA2MTk3NDUxODYwNTE4YjQiLCJpYXQiOjE3NzAzNzczNTYsImV4cCI6MTc3MDQ2Mzc1Nn0.AeWBTV8S4lyStwEDudWfAvp69JwLrsSrkcEXQV0WZDM
2026-02-06 19:18:16 [http-nio-4040-exec-5] INFO  c.c.w.WebSocketAuthInterceptor - WebSocket handshake successful for user: 69842c4206197451860518b4
2026-02-06 19:18:20 [http-nio-4040-exec-9] DEBUG c.c.w.WebSocketAuthInterceptor - WebSocket handshake attempt. URI: http://localhost:4040/ws/chat?token=eyJhbGciOiJIUzI1NiJ9.eyJzdWIiOiI2OTg0MmM0MjA2MTk3NDUxODYwNTE4YjQiLCJpYXQiOjE3NzAzNzczNTYsImV4cCI6MTc3MDQ2Mzc1Nn0.AeWBTV8S4lyStwEDudWfAvp69JwLrsSrkcEXQV0WZDM, Query: token=eyJhbGciOiJIUzI1NiJ9.eyJzdWIiOiI2OTg0MmM0MjA2MTk3NDUxODYwNTE4YjQiLCJpYXQiOjE3NzAzNzczNTYsImV4cCI6MTc3MDQ2Mzc1Nn0.AeWBTV8S4lyStwEDudWfAvp69JwLrsSrkcEXQV0WZDM
2026-02-06 19:18:20 [http-nio-4040-exec-9] INFO  c.c.w.WebSocketAuthInterceptor - WebSocket handshake successful for user: 69842c4206197451860518b4
2026-02-06 19:18:20 [http-nio-4040-exec-2] DEBUG c.c.w.WebSocketAuthInterceptor - WebSocket handshake attempt. URI: http://localhost:4040/ws/chat?token=eyJhbGciOiJIUzI1NiJ9.eyJzdWIiOiI2OTg0MmM0MjA2MTk3NDUxODYwNTE4YjQiLCJpYXQiOjE3NzAzNzczNTYsImV4cCI6MTc3MDQ2Mzc1Nn0.AeWBTV8S4lyStwEDudWfAvp69JwLrsSrkcEXQV0WZDM, Query: token=eyJhbGciOiJIUzI1NiJ9.eyJzdWIiOiI2OTg0MmM0MjA2MTk3NDUxODYwNTE4YjQiLCJpYXQiOjE3NzAzNzczNTYsImV4cCI6MTc3MDQ2Mzc1Nn0.AeWBTV8S4lyStwEDudWfAvp69JwLrsSrkcEXQV0WZDM
2026-02-06 19:18:20 [http-nio-4040-exec-2] INFO  c.c.w.WebSocketAuthInterceptor - WebSocket handshake successful for user: 69842c4206197451860518b4
2026-02-06 19:18:21 [http-nio-4040-exec-4] DEBUG c.c.w.WebSocketAuthInterceptor - WebSocket handshake attempt. URI: http://localhost:4040/ws/chat?token=eyJhbGciOiJIUzI1NiJ9.eyJzdWIiOiI2OTg0MmM0MjA2MTk3NDUxODYwNTE4YjQiLCJpYXQiOjE3NzAzNzczNTYsImV4cCI6MTc3MDQ2Mzc1Nn0.AeWBTV8S4lyStwEDudWfAvp69JwLrsSrkcEXQV0WZDM, Query: token=eyJhbGciOiJIUzI1NiJ9.eyJzdWIiOiI2OTg0MmM0MjA2MTk3NDUxODYwNTE4YjQiLCJpYXQiOjE3NzAzNzczNTYsImV4cCI6MTc3MDQ2Mzc1Nn0.AeWBTV8S4lyStwEDudWfAvp69JwLrsSrkcEXQV0WZDM
2026-02-06 19:18:21 [http-nio-4040-exec-4] INFO  c.c.w.WebSocketAuthInterceptor - WebSocket handshake successful for user: 69842c4206197451860518b4
2026-02-06 19:18:21 [http-nio-4040-exec-5] DEBUG c.c.w.WebSocketAuthInterceptor - WebSocket handshake attempt. URI: http://localhost:4040/ws/chat?token=eyJhbGciOiJIUzI1NiJ9.eyJzdWIiOiI2OTg0MmM0MjA2MTk3NDUxODYwNTE4YjQiLCJpYXQiOjE3NzAzNzczNTYsImV4cCI6MTc3MDQ2Mzc1Nn0.AeWBTV8S4lyStwEDudWfAvp69JwLrsSrkcEXQV0WZDM, Query: token=eyJhbGciOiJIUzI1NiJ9.eyJzdWIiOiI2OTg0MmM0MjA2MTk3NDUxODYwNTE4YjQiLCJpYXQiOjE3NzAzNzczNTYsImV4cCI6MTc3MDQ2Mzc1Nn0.AeWBTV8S4lyStwEDudWfAvp69JwLrsSrkcEXQV0WZDM
2026-02-06 19:18:21 [http-nio-4040-exec-5] INFO  c.c.w.WebSocketAuthInterceptor - WebSocket handshake successful for user: 69842c4206197451860518b4
2026-02-06 19:18:51 [http-nio-4040-exec-10] DEBUG c.c.w.WebSocketAuthInterceptor - WebSocket handshake attempt. URI: http://localhost:4040/ws/chat?token=eyJhbGciOiJIUzI1NiJ9.eyJzdWIiOiI2OTg0MmM0MjA2MTk3NDUxODYwNTE4YjQiLCJpYXQiOjE3NzAzNzczNTYsImV4cCI6MTc3MDQ2Mzc1Nn0.AeWBTV8S4lyStwEDudWfAvp69JwLrsSrkcEXQV0WZDM, Query: token=eyJhbGciOiJIUzI1NiJ9.eyJzdWIiOiI2OTg0MmM0MjA2MTk3NDUxODYwNTE4YjQiLCJpYXQiOjE3NzAzNzczNTYsImV4cCI6MTc3MDQ2Mzc1Nn0.AeWBTV8S4lyStwEDudWfAvp69JwLrsSrkcEXQV0WZDM
2026-02-06 19:18:51 [http-nio-4040-exec-10] INFO  c.c.w.WebSocketAuthInterceptor - WebSocket handshake successful for user: 69842c4206197451860518b4
2026-02-06 19:18:51 [http-nio-4040-exec-1] DEBUG c.c.w.WebSocketAuthInterceptor - WebSocket handshake attempt. URI: http://localhost:4040/ws/chat?token=eyJhbGciOiJIUzI1NiJ9.eyJzdWIiOiI2OTg0MmM0MjA2MTk3NDUxODYwNTE4YjQiLCJpYXQiOjE3NzAzNzczNTYsImV4cCI6MTc3MDQ2Mzc1Nn0.AeWBTV8S4lyStwEDudWfAvp69JwLrsSrkcEXQV0WZDM, Query: token=eyJhbGciOiJIUzI1NiJ9.eyJzdWIiOiI2OTg0MmM0MjA2MTk3NDUxODYwNTE4YjQiLCJpYXQiOjE3NzAzNzczNTYsImV4cCI6MTc3MDQ2Mzc1Nn0.AeWBTV8S4lyStwEDudWfAvp69JwLrsSrkcEXQV0WZDM
2026-02-06 19:18:51 [http-nio-4040-exec-1] INFO  c.c.w.WebSocketAuthInterceptor - WebSocket handshake successful for user: 69842c4206197451860518b4
2026-02-06 19:18:52 [http-nio-4040-exec-4] DEBUG c.c.w.WebSocketAuthInterceptor - WebSocket handshake attempt. URI: http://localhost:4040/ws/chat?token=eyJhbGciOiJIUzI1NiJ9.eyJzdWIiOiI2OTg0MmM0MjA2MTk3NDUxODYwNTE4YjQiLCJpYXQiOjE3NzAzNzczNTYsImV4cCI6MTc3MDQ2Mzc1Nn0.AeWBTV8S4lyStwEDudWfAvp69JwLrsSrkcEXQV0WZDM, Query: token=eyJhbGciOiJIUzI1NiJ9.eyJzdWIiOiI2OTg0MmM0MjA2MTk3NDUxODYwNTE4YjQiLCJpYXQiOjE3NzAzNzczNTYsImV4cCI6MTc3MDQ2Mzc1Nn0.AeWBTV8S4lyStwEDudWfAvp69JwLrsSrkcEXQV0WZDM
2026-02-06 19:18:52 [http-nio-4040-exec-4] INFO  c.c.w.WebSocketAuthInterceptor - WebSocket handshake successful for user: 69842c4206197451860518b4
2026-02-06 19:18:52 [http-nio-4040-exec-8] DEBUG c.c.w.WebSocketAuthInterceptor - WebSocket handshake attempt. URI: http://localhost:4040/ws/chat?token=eyJhbGciOiJIUzI1NiJ9.eyJzdWIiOiI2OTg0MmM0MjA2MTk3NDUxODYwNTE4YjQiLCJpYXQiOjE3NzAzNzczNTYsImV4cCI6MTc3MDQ2Mzc1Nn0.AeWBTV8S4lyStwEDudWfAvp69JwLrsSrkcEXQV0WZDM, Query: token=eyJhbGciOiJIUzI1NiJ9.eyJzdWIiOiI2OTg0MmM0MjA2MTk3NDUxODYwNTE4YjQiLCJpYXQiOjE3NzAzNzczNTYsImV4cCI6MTc3MDQ2Mzc1Nn0.AeWBTV8S4lyStwEDudWfAvp69JwLrsSrkcEXQV0WZDM
2026-02-06 19:18:52 [http-nio-4040-exec-8] INFO  c.c.w.WebSocketAuthInterceptor - WebSocket handshake successful for user: 69842c4206197451860518b4
2026-02-06 19:19:59 [http-nio-4040-exec-1] DEBUG c.c.w.WebSocketAuthInterceptor - WebSocket handshake attempt. URI: http://localhost:4040/ws/chat?token=eyJhbGciOiJIUzI1NiJ9.eyJzdWIiOiI2OTgzMzhmMzYyNDk5MjhlNjVhODA4NTgiLCJpYXQiOjE3NzAzNzczMDUsImV4cCI6MTc3MDQ2MzcwNX0.BF6WSASl6Y6rTOCei61z0Rl4dzpWQitqUn5t8fOYu4U, Query: token=eyJhbGciOiJIUzI1NiJ9.eyJzdWIiOiI2OTgzMzhmMzYyNDk5MjhlNjVhODA4NTgiLCJpYXQiOjE3NzAzNzczMDUsImV4cCI6MTc3MDQ2MzcwNX0.BF6WSASl6Y6rTOCei61z0Rl4dzpWQitqUn5t8fOYu4U
2026-02-06 19:19:59 [http-nio-4040-exec-1] INFO  c.c.w.WebSocketAuthInterceptor - WebSocket handshake successful for user: 698338f36249928e65a80858
2026-02-06 19:20:44 [http-nio-4040-exec-4] DEBUG c.c.w.WebSocketAuthInterceptor - WebSocket handshake attempt. URI: http://localhost:4040/ws/chat?token=eyJhbGciOiJIUzI1NiJ9.eyJzdWIiOiI2OTgzMzhmMzYyNDk5MjhlNjVhODA4NTgiLCJpYXQiOjE3NzAzNzczMDUsImV4cCI6MTc3MDQ2MzcwNX0.BF6WSASl6Y6rTOCei61z0Rl4dzpWQitqUn5t8fOYu4U, Query: token=eyJhbGciOiJIUzI1NiJ9.eyJzdWIiOiI2OTgzMzhmMzYyNDk5MjhlNjVhODA4NTgiLCJpYXQiOjE3NzAzNzczMDUsImV4cCI6MTc3MDQ2MzcwNX0.BF6WSASl6Y6rTOCei61z0Rl4dzpWQitqUn5t8fOYu4U
2026-02-06 19:20:44 [http-nio-4040-exec-4] INFO  c.c.w.WebSocketAuthInterceptor - WebSocket handshake successful for user: 698338f36249928e65a80858
2026-02-06 19:22:33 [http-nio-4040-exec-10] DEBUG c.c.w.WebSocketAuthInterceptor - WebSocket handshake attempt. URI: http://localhost:4040/ws/chat?token=eyJhbGciOiJIUzI1NiJ9.eyJzdWIiOiI2OTgzMzhmMzYyNDk5MjhlNjVhODA4NTgiLCJpYXQiOjE3NzAzNzczMDUsImV4cCI6MTc3MDQ2MzcwNX0.BF6WSASl6Y6rTOCei61z0Rl4dzpWQitqUn5t8fOYu4U, Query: token=eyJhbGciOiJIUzI1NiJ9.eyJzdWIiOiI2OTgzMzhmMzYyNDk5MjhlNjVhODA4NTgiLCJpYXQiOjE3NzAzNzczMDUsImV4cCI6MTc3MDQ2MzcwNX0.BF6WSASl6Y6rTOCei61z0Rl4dzpWQitqUn5t8fOYu4U
2026-02-06 19:22:33 [http-nio-4040-exec-10] INFO  c.c.w.WebSocketAuthInterceptor - WebSocket handshake successful for user: 698338f36249928e65a80858
2026-02-06 19:23:05 [SpringApplicationShutdownHook] INFO  o.s.b.w.e.tomcat.GracefulShutdown - Commencing graceful shutdown. Waiting for active requests to complete
2026-02-06 19:23:05 [tomcat-shutdown] INFO  o.s.b.w.e.tomcat.GracefulShutdown - Graceful shutdown complete
2026-02-06 19:23:12 [background-preinit] INFO  o.h.validator.internal.util.Version - HV000001: Hibernate Validator 8.0.3.Final
2026-02-06 19:23:12 [main] INFO  c.c.ChatsphereBackendApplication - Starting ChatsphereBackendApplication using Java 25.0.1 with PID 488 (D:\Project\ChatSphere\chatsphere-backend\target\classes started by hetpr in D:\Project\ChatSphere\chatsphere-backend)
2026-02-06 19:23:12 [main] DEBUG c.c.ChatsphereBackendApplication - Running with Spring Boot v3.5.10, Spring v6.2.15
2026-02-06 19:23:12 [main] INFO  c.c.ChatsphereBackendApplication - The following 1 profile is active: "dev"
2026-02-06 19:23:13 [main] INFO  o.s.d.r.c.RepositoryConfigurationDelegate - Bootstrapping Spring Data MongoDB repositories in DEFAULT mode.
2026-02-06 19:23:13 [main] INFO  o.s.d.r.c.RepositoryConfigurationDelegate - Finished Spring Data repository scanning in 70 ms. Found 3 MongoDB repository interfaces.
2026-02-06 19:23:14 [main] INFO  o.s.b.w.e.tomcat.TomcatWebServer - Tomcat initialized with port 4040 (http)
2026-02-06 19:23:14 [main] INFO  o.a.coyote.http11.Http11NioProtocol - Initializing ProtocolHandler ["http-nio-4040"]
2026-02-06 19:23:14 [main] INFO  o.a.catalina.core.StandardService - Starting service [Tomcat]
2026-02-06 19:23:14 [main] INFO  o.a.catalina.core.StandardEngine - Starting Servlet engine: [Apache Tomcat/10.1.50]
2026-02-06 19:23:14 [main] INFO  o.a.c.c.C.[Tomcat].[localhost].[/] - Initializing Spring embedded WebApplicationContext
2026-02-06 19:23:14 [main] INFO  o.s.b.w.s.c.ServletWebServerApplicationContext - Root WebApplicationContext: initialization completed in 1653 ms
2026-02-06 19:23:14 [main] DEBUG c.c.security.JwtAuthenticationFilter - Filter 'jwtAuthenticationFilter' configured for use
2026-02-06 19:23:14 [main] INFO  org.mongodb.driver.client - MongoClient with metadata {"driver": {"name": "mongo-java-driver|sync", "version": "5.5.2"}, "os": {"type": "Windows", "name": "Windows 11", "architecture": "amd64", "version": "10.0"}, "platform": "Java/Oracle Corporation/25.0.1+8-LTS-27"} created with settings MongoClientSettings{readPreference=primary, writeConcern=WriteConcern{w=null, wTimeout=null ms, journal=null}, retryWrites=true, retryReads=true, readConcern=ReadConcern{level=null}, credential=null, transportSettings=null, commandListeners=[], codecRegistry=ProvidersCodecRegistry{codecProviders=[ValueCodecProvider{}, BsonValueCodecProvider{}, DBRefCodecProvider{}, DBObjectCodecProvider{}, DocumentCodecProvider{}, CollectionCodecProvider{}, IterableCodecProvider{}, MapCodecProvider{}, GeoJsonCodecProvider{}, GridFSFileCodecProvider{}, Jsr310CodecProvider{}, JsonObjectCodecProvider{}, BsonCodecProvider{}, EnumCodecProvider{}, com.mongodb.client.model.mql.ExpressionCodecProvider@1f7cec93, com.mongodb.Jep395RecordCodecProvider@3c9ef6e9, com.mongodb.KotlinCodecProvider@3cdff901]}, loggerSettings=LoggerSettings{maxDocumentLength=1000}, clusterSettings={hosts=[localhost:27017], srvServiceName=mongodb, mode=SINGLE, requiredClusterType=UNKNOWN, requiredReplicaSetName='null', serverSelector='null', clusterListeners='[]', serverSelectionTimeout='30000 ms', localThreshold='15 ms'}, socketSettings=SocketSettings{connectTimeoutMS=10000, readTimeoutMS=0, receiveBufferSize=0, proxySettings=ProxySettings{host=null, port=null, username=null, password=null}}, heartbeatSocketSettings=SocketSettings{connectTimeoutMS=10000, readTimeoutMS=10000, receiveBufferSize=0, proxySettings=ProxySettings{host=null, port=null, username=null, password=null}}, connectionPoolSettings=ConnectionPoolSettings{maxSize=100, minSize=0, maxWaitTimeMS=120000, maxConnectionLifeTimeMS=0, maxConnectionIdleTimeMS=0, maintenanceInitialDelayMS=0, maintenanceFrequencyMS=60000, connectionPoolListeners=[], maxConnecting=2}, serverSettings=ServerSettings{heartbeatFrequencyMS=10000, minHeartbeatFrequencyMS=500, serverMonitoringMode=AUTO, serverListeners='[]', serverMonitorListeners='[]'}, sslSettings=SslSettings{enabled=false, invalidHostNameAllowed=false, context=null}, applicationName='null', compressorList=[], uuidRepresentation=UNSPECIFIED, serverApi=null, autoEncryptionSettings=null, dnsClient=null, inetAddressResolver=null, contextProvider=null, timeoutMS=null}
2026-02-06 19:23:14 [cluster-ClusterId{value='6985f24a6258d2521b42e089', description='null'}-localhost:27017] INFO  org.mongodb.driver.cluster - Monitor thread successfully connected to server with description ServerDescription{address=localhost:27017, type=STANDALONE, cryptd=false, state=CONNECTED, ok=true, minWireVersion=0, maxWireVersion=27, maxDocumentSize=16777216, logicalSessionTimeoutMinutes=30, roundTripTimeNanos=18660700, minRoundTripTimeNanos=0}
2026-02-06 19:23:15 [main] WARN  o.s.b.w.s.c.AnnotationConfigServletWebServerApplicationContext - Exception encountered during context initialization - cancelling refresh attempt: org.springframework.beans.factory.UnsatisfiedDependencyException: Error creating bean with name 'webSocketConfig' defined in file [D:\Project\ChatSphere\chatsphere-backend\target\classes\com\chatsphere\config\WebSocketConfig.class]: Unsatisfied dependency expressed through constructor parameter 1: Error creating bean with name 'webSocketAuthInterceptor': Resolution of declared constructors on bean Class [com.chatsphere.websocket.WebSocketAuthInterceptor] from ClassLoader [jdk.internal.loader.ClassLoaders$AppClassLoader@105be200] failed
2026-02-06 19:23:15 [main] INFO  o.a.catalina.core.StandardService - Stopping service [Tomcat]
2026-02-06 19:23:15 [main] INFO  o.s.b.a.l.ConditionEvaluationReportLogger - 

Error starting ApplicationContext. To display the condition evaluation report re-run your application with 'debug' enabled.
2026-02-06 19:23:15 [main] ERROR o.s.boot.SpringApplication - Application run failed
org.springframework.beans.factory.UnsatisfiedDependencyException: Error creating bean with name 'webSocketConfig' defined in file [D:\Project\ChatSphere\chatsphere-backend\target\classes\com\chatsphere\config\WebSocketConfig.class]: Unsatisfied dependency expressed through constructor parameter 1: Error creating bean with name 'webSocketAuthInterceptor': Resolution of declared constructors on bean Class [com.chatsphere.websocket.WebSocketAuthInterceptor] from ClassLoader [jdk.internal.loader.ClassLoaders$AppClassLoader@105be200] failed
	at org.springframework.beans.factory.support.ConstructorResolver.createArgumentArray(ConstructorResolver.java:804)
	at org.springframework.beans.factory.support.ConstructorResolver.autowireConstructor(ConstructorResolver.java:240)
	at org.springframework.beans.factory.support.AbstractAutowireCapableBeanFactory.autowireConstructor(AbstractAutowireCapableBeanFactory.java:1395)
	at org.springframework.beans.factory.support.AbstractAutowireCapableBeanFactory.createBeanInstance(AbstractAutowireCapableBeanFactory.java:1232)
	at org.springframework.beans.factory.support.AbstractAutowireCapableBeanFactory.doCreateBean(AbstractAutowireCapableBeanFactory.java:569)
	at org.springframework.beans.factory.support.AbstractAutowireCapableBeanFactory.createBean(AbstractAutowireCapableBeanFactory.java:529)
	at org.springframework.beans.factory.support.AbstractBeanFactory.lambda$doGetBean$0(AbstractBeanFactory.java:339)
	at org.springframework.beans.factory.support.DefaultSingletonBeanRegistry.getSingleton(DefaultSingletonBeanRegistry.java:373)
	at org.springframework.beans.factory.support.AbstractBeanFactory.doGetBean(AbstractBeanFactory.java:337)
	at org.springframework.beans.factory.support.AbstractBeanFactory.getBean(AbstractBeanFactory.java:202)
	at org.springframework.beans.factory.support.DefaultListableBeanFactory.instantiateSingleton(DefaultListableBeanFactory.java:1228)
	at org.springframework.beans.factory.support.DefaultListableBeanFactory.preInstantiateSingleton(DefaultListableBeanFactory.java:1194)
	at org.springframework.beans.factory.support.DefaultListableBeanFactory.preInstantiateSingletons(DefaultListableBeanFactory.java:1130)
	at org.springframework.context.support.AbstractApplicationContext.finishBeanFactoryInitialization(AbstractApplicationContext.java:990)
	at org.springframework.context.support.AbstractApplicationContext.refresh(AbstractApplicationContext.java:627)
	at org.springframework.boot.web.servlet.context.ServletWebServerApplicationContext.refresh(ServletWebServerApplicationContext.java:146)
	at org.springframework.boot.SpringApplication.refresh(SpringApplication.java:752)
	at org.springframework.boot.SpringApplication.refreshContext(SpringApplication.java:439)
	at org.springframework.boot.SpringApplication.run(SpringApplication.java:318)
	at org.springframework.boot.SpringApplication.run(SpringApplication.java:1361)
	at org.springframework.boot.SpringApplication.run(SpringApplication.java:1350)
	at com.chatsphere.ChatsphereBackendApplication.main(ChatsphereBackendApplication.java:10)
Caused by: org.springframework.beans.factory.BeanCreationException: Error creating bean with name 'webSocketAuthInterceptor': Resolution of declared constructors on bean Class [com.chatsphere.websocket.WebSocketAuthInterceptor] from ClassLoader [jdk.internal.loader.ClassLoaders$AppClassLoader@105be200] failed
	at org.springframework.beans.factory.annotation.AutowiredAnnotationBeanPostProcessor.determineCandidateConstructors(AutowiredAnnotationBeanPostProcessor.java:384)
	at org.springframework.beans.factory.support.AbstractAutowireCapableBeanFactory.determineConstructorsFromBeanPostProcessors(AbstractAutowireCapableBeanFactory.java:1334)
	at org.springframework.beans.factory.support.AbstractAutowireCapableBeanFactory.createBeanInstance(AbstractAutowireCapableBeanFactory.java:1229)
	at org.springframework.beans.factory.support.AbstractAutowireCapableBeanFactory.doCreateBean(AbstractAutowireCapableBeanFactory.java:569)
	at org.springframework.beans.factory.support.AbstractAutowireCapableBeanFactory.createBean(AbstractAutowireCapableBeanFactory.java:529)
	at org.springframework.beans.factory.support.AbstractBeanFactory.lambda$doGetBean$0(AbstractBeanFactory.java:339)
	at org.springframework.beans.factory.support.DefaultSingletonBeanRegistry.getSingleton(DefaultSingletonBeanRegistry.java:373)
	at org.springframework.beans.factory.support.AbstractBeanFactory.doGetBean(AbstractBeanFactory.java:337)
	at org.springframework.beans.factory.support.AbstractBeanFactory.getBean(AbstractBeanFactory.java:202)
	at org.springframework.beans.factory.config.DependencyDescriptor.resolveCandidate(DependencyDescriptor.java:254)
	at org.springframework.beans.factory.support.DefaultListableBeanFactory.doResolveDependency(DefaultListableBeanFactory.java:1770)
	at org.springframework.beans.factory.support.DefaultListableBeanFactory.resolveDependency(DefaultListableBeanFactory.java:1653)
	at org.springframework.beans.factory.support.ConstructorResolver.resolveAutowiredArgument(ConstructorResolver.java:913)
	at org.springframework.beans.factory.support.ConstructorResolver.createArgumentArray(ConstructorResolver.java:791)
	... 21 common frames omitted
Caused by: java.lang.NoClassDefFoundError: JwtTokenProvider
	at java.base/java.lang.Class.getDeclaredConstructors0(Native Method)
	at java.base/java.lang.Class.privateGetDeclaredConstructors(Class.java:2985)
	at java.base/java.lang.Class.getDeclaredConstructors(Class.java:2354)
	at org.springframework.beans.factory.annotation.AutowiredAnnotationBeanPostProcessor.determineCandidateConstructors(AutowiredAnnotationBeanPostProcessor.java:379)
	... 34 common frames omitted
Caused by: java.lang.ClassNotFoundException: JwtTokenProvider
	at java.base/jdk.internal.loader.BuiltinClassLoader.loadClass(BuiltinClassLoader.java:580)
	at java.base/java.lang.ClassLoader.loadClass(ClassLoader.java:490)
	... 38 common frames omitted
2026-02-06 19:25:31 [background-preinit] INFO  o.h.validator.internal.util.Version - HV000001: Hibernate Validator 8.0.3.Final
2026-02-06 19:25:31 [main] INFO  c.c.ChatsphereBackendApplication - Starting ChatsphereBackendApplication using Java 25.0.1 with PID 29296 (D:\Project\ChatSphere\chatsphere-backend\target\classes started by hetpr in D:\Project\ChatSphere\chatsphere-backend)
2026-02-06 19:25:31 [main] DEBUG c.c.ChatsphereBackendApplication - Running with Spring Boot v3.5.10, Spring v6.2.15
2026-02-06 19:25:31 [main] INFO  c.c.ChatsphereBackendApplication - The following 1 profile is active: "dev"
2026-02-06 19:25:32 [main] INFO  o.s.d.r.c.RepositoryConfigurationDelegate - Bootstrapping Spring Data MongoDB repositories in DEFAULT mode.
2026-02-06 19:25:32 [main] INFO  o.s.d.r.c.RepositoryConfigurationDelegate - Finished Spring Data repository scanning in 80 ms. Found 3 MongoDB repository interfaces.
2026-02-06 19:25:32 [main] INFO  o.s.b.w.e.tomcat.TomcatWebServer - Tomcat initialized with port 4040 (http)
2026-02-06 19:25:32 [main] INFO  o.a.coyote.http11.Http11NioProtocol - Initializing ProtocolHandler ["http-nio-4040"]
2026-02-06 19:25:32 [main] INFO  o.a.catalina.core.StandardService - Starting service [Tomcat]
2026-02-06 19:25:32 [main] INFO  o.a.catalina.core.StandardEngine - Starting Servlet engine: [Apache Tomcat/10.1.50]
2026-02-06 19:25:32 [main] INFO  o.a.c.c.C.[Tomcat].[localhost].[/] - Initializing Spring embedded WebApplicationContext
2026-02-06 19:25:32 [main] INFO  o.s.b.w.s.c.ServletWebServerApplicationContext - Root WebApplicationContext: initialization completed in 1569 ms
2026-02-06 19:25:33 [main] DEBUG c.c.security.JwtAuthenticationFilter - Filter 'jwtAuthenticationFilter' configured for use
2026-02-06 19:25:33 [main] INFO  org.mongodb.driver.client - MongoClient with metadata {"driver": {"name": "mongo-java-driver|sync", "version": "5.5.2"}, "os": {"type": "Windows", "name": "Windows 11", "architecture": "amd64", "version": "10.0"}, "platform": "Java/Oracle Corporation/25.0.1+8-LTS-27"} created with settings MongoClientSettings{readPreference=primary, writeConcern=WriteConcern{w=null, wTimeout=null ms, journal=null}, retryWrites=true, retryReads=true, readConcern=ReadConcern{level=null}, credential=null, transportSettings=null, commandListeners=[], codecRegistry=ProvidersCodecRegistry{codecProviders=[ValueCodecProvider{}, BsonValueCodecProvider{}, DBRefCodecProvider{}, DBObjectCodecProvider{}, DocumentCodecProvider{}, CollectionCodecProvider{}, IterableCodecProvider{}, MapCodecProvider{}, GeoJsonCodecProvider{}, GridFSFileCodecProvider{}, Jsr310CodecProvider{}, JsonObjectCodecProvider{}, BsonCodecProvider{}, EnumCodecProvider{}, com.mongodb.client.model.mql.ExpressionCodecProvider@57e5396b, com.mongodb.Jep395RecordCodecProvider@2f054f70, com.mongodb.KotlinCodecProvider@6467ddc7]}, loggerSettings=LoggerSettings{maxDocumentLength=1000}, clusterSettings={hosts=[localhost:27017], srvServiceName=mongodb, mode=SINGLE, requiredClusterType=UNKNOWN, requiredReplicaSetName='null', serverSelector='null', clusterListeners='[]', serverSelectionTimeout='30000 ms', localThreshold='15 ms'}, socketSettings=SocketSettings{connectTimeoutMS=10000, readTimeoutMS=0, receiveBufferSize=0, proxySettings=ProxySettings{host=null, port=null, username=null, password=null}}, heartbeatSocketSettings=SocketSettings{connectTimeoutMS=10000, readTimeoutMS=10000, receiveBufferSize=0, proxySettings=ProxySettings{host=null, port=null, username=null, password=null}}, connectionPoolSettings=ConnectionPoolSettings{maxSize=100, minSize=0, maxWaitTimeMS=120000, maxConnectionLifeTimeMS=0, maxConnectionIdleTimeMS=0, maintenanceInitialDelayMS=0, maintenanceFrequencyMS=60000, connectionPoolListeners=[], maxConnecting=2}, serverSettings=ServerSettings{heartbeatFrequencyMS=10000, minHeartbeatFrequencyMS=500, serverMonitoringMode=AUTO, serverListeners='[]', serverMonitorListeners='[]'}, sslSettings=SslSettings{enabled=false, invalidHostNameAllowed=false, context=null}, applicationName='null', compressorList=[], uuidRepresentation=UNSPECIFIED, serverApi=null, autoEncryptionSettings=null, dnsClient=null, inetAddressResolver=null, contextProvider=null, timeoutMS=null}
2026-02-06 19:25:33 [cluster-ClusterId{value='6985f2d525d73b818979d987', description='null'}-localhost:27017] INFO  org.mongodb.driver.cluster - Monitor thread successfully connected to server with description ServerDescription{address=localhost:27017, type=STANDALONE, cryptd=false, state=CONNECTED, ok=true, minWireVersion=0, maxWireVersion=27, maxDocumentSize=16777216, logicalSessionTimeoutMinutes=30, roundTripTimeNanos=114145500, minRoundTripTimeNanos=0}
2026-02-06 19:25:33 [main] INFO  o.s.s.c.a.a.c.InitializeUserDetailsBeanManagerConfigurer$InitializeUserDetailsManagerConfigurer - Global AuthenticationManager configured with UserDetailsService bean with name customUserDetailsService
2026-02-06 19:25:34 [main] INFO  o.a.coyote.http11.Http11NioProtocol - Starting ProtocolHandler ["http-nio-4040"]
2026-02-06 19:25:34 [main] INFO  o.s.b.w.e.tomcat.TomcatWebServer - Tomcat started on port 4040 (http) with context path '/'
2026-02-06 19:25:34 [main] INFO  c.c.ChatsphereBackendApplication - Started ChatsphereBackendApplication in 3.61 seconds (process running for 3.97)
2026-02-06 19:25:42 [http-nio-4040-exec-2] INFO  o.a.c.c.C.[Tomcat].[localhost].[/] - Initializing Spring DispatcherServlet 'dispatcherServlet'
2026-02-06 19:25:42 [http-nio-4040-exec-2] INFO  o.s.web.servlet.DispatcherServlet - Initializing Servlet 'dispatcherServlet'
2026-02-06 19:25:42 [http-nio-4040-exec-2] INFO  o.s.web.servlet.DispatcherServlet - Completed initialization in 1 ms
2026-02-06 19:25:43 [http-nio-4040-exec-1] DEBUG c.c.w.WebSocketAuthInterceptor - WebSocket handshake attempt. URI: http://localhost:4040/ws/chat?token=eyJhbGciOiJIUzI1NiJ9.eyJzdWIiOiI2OTgzMzhmMzYyNDk5MjhlNjVhODA4NTgiLCJpYXQiOjE3NzAzNzczMDUsImV4cCI6MTc3MDQ2MzcwNX0.BF6WSASl6Y6rTOCei61z0Rl4dzpWQitqUn5t8fOYu4U, Query: token=eyJhbGciOiJIUzI1NiJ9.eyJzdWIiOiI2OTgzMzhmMzYyNDk5MjhlNjVhODA4NTgiLCJpYXQiOjE3NzAzNzczMDUsImV4cCI6MTc3MDQ2MzcwNX0.BF6WSASl6Y6rTOCei61z0Rl4dzpWQitqUn5t8fOYu4U
2026-02-06 19:25:43 [http-nio-4040-exec-1] INFO  c.c.w.WebSocketAuthInterceptor - WebSocket handshake successful for user: 698338f36249928e65a80858
2026-02-06 19:27:06 [SpringApplicationShutdownHook] INFO  o.s.b.w.e.tomcat.GracefulShutdown - Commencing graceful shutdown. Waiting for active requests to complete
2026-02-06 19:27:06 [tomcat-shutdown] INFO  o.s.b.w.e.tomcat.GracefulShutdown - Graceful shutdown complete
2026-02-06 19:27:06 [SpringApplicationShutdownHook] ERROR c.c.presence.PresenceService - Failed to mark user 698338f36249928e65a80858 as offline: state should be: open
2026-02-06 19:27:22 [background-preinit] INFO  o.h.validator.internal.util.Version - HV000001: Hibernate Validator 8.0.3.Final
2026-02-06 19:27:22 [main] INFO  c.c.ChatsphereBackendApplication - Starting ChatsphereBackendApplication using Java 25.0.1 with PID 28824 (D:\Project\ChatSphere\chatsphere-backend\target\classes started by hetpr in D:\Project\ChatSphere\chatsphere-backend)
2026-02-06 19:27:22 [main] DEBUG c.c.ChatsphereBackendApplication - Running with Spring Boot v3.5.10, Spring v6.2.15
2026-02-06 19:27:22 [main] INFO  c.c.ChatsphereBackendApplication - The following 1 profile is active: "dev"
2026-02-06 19:27:22 [main] INFO  o.s.d.r.c.RepositoryConfigurationDelegate - Bootstrapping Spring Data MongoDB repositories in DEFAULT mode.
2026-02-06 19:27:22 [main] INFO  o.s.d.r.c.RepositoryConfigurationDelegate - Finished Spring Data repository scanning in 109 ms. Found 3 MongoDB repository interfaces.
2026-02-06 19:27:23 [main] INFO  o.s.b.w.e.tomcat.TomcatWebServer - Tomcat initialized with port 4040 (http)
2026-02-06 19:27:23 [main] INFO  o.a.coyote.http11.Http11NioProtocol - Initializing ProtocolHandler ["http-nio-4040"]
2026-02-06 19:27:23 [main] INFO  o.a.catalina.core.StandardService - Starting service [Tomcat]
2026-02-06 19:27:23 [main] INFO  o.a.catalina.core.StandardEngine - Starting Servlet engine: [Apache Tomcat/10.1.50]
2026-02-06 19:27:23 [main] INFO  o.a.c.c.C.[Tomcat].[localhost].[/] - Initializing Spring embedded WebApplicationContext
2026-02-06 19:27:23 [main] INFO  o.s.b.w.s.c.ServletWebServerApplicationContext - Root WebApplicationContext: initialization completed in 1411 ms
2026-02-06 19:27:23 [main] DEBUG c.c.security.JwtAuthenticationFilter - Filter 'jwtAuthenticationFilter' configured for use
2026-02-06 19:27:23 [main] INFO  org.mongodb.driver.client - MongoClient with metadata {"driver": {"name": "mongo-java-driver|sync", "version": "5.5.2"}, "os": {"type": "Windows", "name": "Windows 11", "architecture": "amd64", "version": "10.0"}, "platform": "Java/Oracle Corporation/25.0.1+8-LTS-27"} created with settings MongoClientSettings{readPreference=primary, writeConcern=WriteConcern{w=null, wTimeout=null ms, journal=null}, retryWrites=true, retryReads=true, readConcern=ReadConcern{level=null}, credential=null, transportSettings=null, commandListeners=[], codecRegistry=ProvidersCodecRegistry{codecProviders=[ValueCodecProvider{}, BsonValueCodecProvider{}, DBRefCodecProvider{}, DBObjectCodecProvider{}, DocumentCodecProvider{}, CollectionCodecProvider{}, IterableCodecProvider{}, MapCodecProvider{}, GeoJsonCodecProvider{}, GridFSFileCodecProvider{}, Jsr310CodecProvider{}, JsonObjectCodecProvider{}, BsonCodecProvider{}, EnumCodecProvider{}, com.mongodb.client.model.mql.ExpressionCodecProvider@eed890d, com.mongodb.Jep395RecordCodecProvider@10f477e2, com.mongodb.KotlinCodecProvider@6097fca9]}, loggerSettings=LoggerSettings{maxDocumentLength=1000}, clusterSettings={hosts=[localhost:27017], srvServiceName=mongodb, mode=SINGLE, requiredClusterType=UNKNOWN, requiredReplicaSetName='null', serverSelector='null', clusterListeners='[]', serverSelectionTimeout='30000 ms', localThreshold='15 ms'}, socketSettings=SocketSettings{connectTimeoutMS=10000, readTimeoutMS=0, receiveBufferSize=0, proxySettings=ProxySettings{host=null, port=null, username=null, password=null}}, heartbeatSocketSettings=SocketSettings{connectTimeoutMS=10000, readTimeoutMS=10000, receiveBufferSize=0, proxySettings=ProxySettings{host=null, port=null, username=null, password=null}}, connectionPoolSettings=ConnectionPoolSettings{maxSize=100, minSize=0, maxWaitTimeMS=120000, maxConnectionLifeTimeMS=0, maxConnectionIdleTimeMS=0, maintenanceInitialDelayMS=0, maintenanceFrequencyMS=60000, connectionPoolListeners=[], maxConnecting=2}, serverSettings=ServerSettings{heartbeatFrequencyMS=10000, minHeartbeatFrequencyMS=500, serverMonitoringMode=AUTO, serverListeners='[]', serverMonitorListeners='[]'}, sslSettings=SslSettings{enabled=false, invalidHostNameAllowed=false, context=null}, applicationName='null', compressorList=[], uuidRepresentation=UNSPECIFIED, serverApi=null, autoEncryptionSettings=null, dnsClient=null, inetAddressResolver=null, contextProvider=null, timeoutMS=null}
2026-02-06 19:27:23 [cluster-ClusterId{value='6985f343c7e4c13807278432', description='null'}-localhost:27017] INFO  org.mongodb.driver.cluster - Monitor thread successfully connected to server with description ServerDescription{address=localhost:27017, type=STANDALONE, cryptd=false, state=CONNECTED, ok=true, minWireVersion=0, maxWireVersion=27, maxDocumentSize=16777216, logicalSessionTimeoutMinutes=30, roundTripTimeNanos=16906100, minRoundTripTimeNanos=0}
2026-02-06 19:27:24 [main] INFO  o.s.s.c.a.a.c.InitializeUserDetailsBeanManagerConfigurer$InitializeUserDetailsManagerConfigurer - Global AuthenticationManager configured with UserDetailsService bean with name customUserDetailsService
2026-02-06 19:27:24 [main] INFO  o.a.coyote.http11.Http11NioProtocol - Starting ProtocolHandler ["http-nio-4040"]
2026-02-06 19:27:24 [main] INFO  o.s.b.w.e.tomcat.TomcatWebServer - Tomcat started on port 4040 (http) with context path '/'
2026-02-06 19:27:24 [main] INFO  c.c.ChatsphereBackendApplication - Started ChatsphereBackendApplication in 3.284 seconds (process running for 3.615)
2026-02-06 19:29:15 [http-nio-4040-exec-4] INFO  o.a.c.c.C.[Tomcat].[localhost].[/] - Initializing Spring DispatcherServlet 'dispatcherServlet'
2026-02-06 19:29:15 [http-nio-4040-exec-4] INFO  o.s.web.servlet.DispatcherServlet - Initializing Servlet 'dispatcherServlet'
2026-02-06 19:29:15 [http-nio-4040-exec-4] INFO  o.s.web.servlet.DispatcherServlet - Completed initialization in 2 ms
2026-02-06 19:29:15 [http-nio-4040-exec-5] DEBUG c.c.w.WebSocketAuthInterceptor - WebSocket handshake attempt. URI: http://localhost:4040/ws/chat?token=eyJhbGciOiJIUzI1NiJ9.eyJzdWIiOiI2OTgzMzhmMzYyNDk5MjhlNjVhODA4NTgiLCJpYXQiOjE3NzAzNzczMDUsImV4cCI6MTc3MDQ2MzcwNX0.BF6WSASl6Y6rTOCei61z0Rl4dzpWQitqUn5t8fOYu4U, Query: token=eyJhbGciOiJIUzI1NiJ9.eyJzdWIiOiI2OTgzMzhmMzYyNDk5MjhlNjVhODA4NTgiLCJpYXQiOjE3NzAzNzczMDUsImV4cCI6MTc3MDQ2MzcwNX0.BF6WSASl6Y6rTOCei61z0Rl4dzpWQitqUn5t8fOYu4U
2026-02-06 19:29:15 [http-nio-4040-exec-5] INFO  c.c.w.WebSocketAuthInterceptor - WebSocket handshake successful for user: 698338f36249928e65a80858
2026-02-06 19:30:13 [SpringApplicationShutdownHook] INFO  o.s.b.w.e.tomcat.GracefulShutdown - Commencing graceful shutdown. Waiting for active requests to complete
2026-02-06 19:30:13 [tomcat-shutdown] INFO  o.s.b.w.e.tomcat.GracefulShutdown - Graceful shutdown complete
2026-02-06 19:30:13 [SpringApplicationShutdownHook] ERROR c.c.presence.PresenceService - Failed to mark user 698338f36249928e65a80858 as offline: state should be: open
2026-02-06 21:25:28 [background-preinit] INFO  o.h.validator.internal.util.Version - HV000001: Hibernate Validator 8.0.3.Final
2026-02-06 21:25:28 [main] INFO  c.c.ChatsphereBackendApplication - Starting ChatsphereBackendApplication using Java 25.0.1 with PID 30492 (D:\Project\ChatSphere\chatsphere-backend\target\classes started by hetpr in D:\Project\ChatSphere\chatsphere-backend)
2026-02-06 21:25:28 [main] DEBUG c.c.ChatsphereBackendApplication - Running with Spring Boot v3.5.10, Spring v6.2.15
2026-02-06 21:25:28 [main] INFO  c.c.ChatsphereBackendApplication - The following 1 profile is active: "dev"
2026-02-06 21:25:29 [main] INFO  o.s.d.r.c.RepositoryConfigurationDelegate - Bootstrapping Spring Data MongoDB repositories in DEFAULT mode.
2026-02-06 21:25:29 [main] INFO  o.s.d.r.c.RepositoryConfigurationDelegate - Finished Spring Data repository scanning in 65 ms. Found 3 MongoDB repository interfaces.
2026-02-06 21:25:29 [main] INFO  o.s.b.w.e.tomcat.TomcatWebServer - Tomcat initialized with port 4040 (http)
2026-02-06 21:25:29 [main] INFO  o.a.coyote.http11.Http11NioProtocol - Initializing ProtocolHandler ["http-nio-4040"]
2026-02-06 21:25:29 [main] INFO  o.a.catalina.core.StandardService - Starting service [Tomcat]
2026-02-06 21:25:29 [main] INFO  o.a.catalina.core.StandardEngine - Starting Servlet engine: [Apache Tomcat/10.1.50]
2026-02-06 21:25:29 [main] INFO  o.a.c.c.C.[Tomcat].[localhost].[/] - Initializing Spring embedded WebApplicationContext
2026-02-06 21:25:29 [main] INFO  o.s.b.w.s.c.ServletWebServerApplicationContext - Root WebApplicationContext: initialization completed in 1406 ms
2026-02-06 21:25:29 [main] DEBUG c.c.security.JwtAuthenticationFilter - Filter 'jwtAuthenticationFilter' configured for use
2026-02-06 21:25:30 [main] INFO  org.mongodb.driver.client - MongoClient with metadata {"driver": {"name": "mongo-java-driver|sync", "version": "5.5.2"}, "os": {"type": "Windows", "name": "Windows 11", "architecture": "amd64", "version": "10.0"}, "platform": "Java/Oracle Corporation/25.0.1+8-LTS-27"} created with settings MongoClientSettings{readPreference=primary, writeConcern=WriteConcern{w=null, wTimeout=null ms, journal=null}, retryWrites=true, retryReads=true, readConcern=ReadConcern{level=null}, credential=null, transportSettings=null, commandListeners=[], codecRegistry=ProvidersCodecRegistry{codecProviders=[ValueCodecProvider{}, BsonValueCodecProvider{}, DBRefCodecProvider{}, DBObjectCodecProvider{}, DocumentCodecProvider{}, CollectionCodecProvider{}, IterableCodecProvider{}, MapCodecProvider{}, GeoJsonCodecProvider{}, GridFSFileCodecProvider{}, Jsr310CodecProvider{}, JsonObjectCodecProvider{}, BsonCodecProvider{}, EnumCodecProvider{}, com.mongodb.client.model.mql.ExpressionCodecProvider@61f377d1, com.mongodb.Jep395RecordCodecProvider@6c538eb2, com.mongodb.KotlinCodecProvider@738a5848]}, loggerSettings=LoggerSettings{maxDocumentLength=1000}, clusterSettings={hosts=[localhost:27017], srvServiceName=mongodb, mode=SINGLE, requiredClusterType=UNKNOWN, requiredReplicaSetName='null', serverSelector='null', clusterListeners='[]', serverSelectionTimeout='30000 ms', localThreshold='15 ms'}, socketSettings=SocketSettings{connectTimeoutMS=10000, readTimeoutMS=0, receiveBufferSize=0, proxySettings=ProxySettings{host=null, port=null, username=null, password=null}}, heartbeatSocketSettings=SocketSettings{connectTimeoutMS=10000, readTimeoutMS=10000, receiveBufferSize=0, proxySettings=ProxySettings{host=null, port=null, username=null, password=null}}, connectionPoolSettings=ConnectionPoolSettings{maxSize=100, minSize=0, maxWaitTimeMS=120000, maxConnectionLifeTimeMS=0, maxConnectionIdleTimeMS=0, maintenanceInitialDelayMS=0, maintenanceFrequencyMS=60000, connectionPoolListeners=[], maxConnecting=2}, serverSettings=ServerSettings{heartbeatFrequencyMS=10000, minHeartbeatFrequencyMS=500, serverMonitoringMode=AUTO, serverListeners='[]', serverMonitorListeners='[]'}, sslSettings=SslSettings{enabled=false, invalidHostNameAllowed=false, context=null}, applicationName='null', compressorList=[], uuidRepresentation=UNSPECIFIED, serverApi=null, autoEncryptionSettings=null, dnsClient=null, inetAddressResolver=null, contextProvider=null, timeoutMS=null}
2026-02-06 21:25:30 [cluster-ClusterId{value='69860ef23d7e991799257691', description='null'}-localhost:27017] INFO  org.mongodb.driver.cluster - Monitor thread successfully connected to server with description ServerDescription{address=localhost:27017, type=STANDALONE, cryptd=false, state=CONNECTED, ok=true, minWireVersion=0, maxWireVersion=27, maxDocumentSize=16777216, logicalSessionTimeoutMinutes=30, roundTripTimeNanos=17498300, minRoundTripTimeNanos=0}
2026-02-06 21:25:30 [main] INFO  o.s.s.c.a.a.c.InitializeUserDetailsBeanManagerConfigurer$InitializeUserDetailsManagerConfigurer - Global AuthenticationManager configured with UserDetailsService bean with name customUserDetailsService
2026-02-06 21:25:30 [main] INFO  o.a.coyote.http11.Http11NioProtocol - Starting ProtocolHandler ["http-nio-4040"]
2026-02-06 21:25:30 [main] INFO  o.s.b.w.e.tomcat.TomcatWebServer - Tomcat started on port 4040 (http) with context path '/'
2026-02-06 21:25:30 [main] INFO  c.c.ChatsphereBackendApplication - Started ChatsphereBackendApplication in 3.268 seconds (process running for 3.598)
2026-02-06 21:26:07 [http-nio-4040-exec-9] INFO  o.a.c.c.C.[Tomcat].[localhost].[/] - Initializing Spring DispatcherServlet 'dispatcherServlet'
2026-02-06 21:26:07 [http-nio-4040-exec-9] INFO  o.s.web.servlet.DispatcherServlet - Initializing Servlet 'dispatcherServlet'
2026-02-06 21:26:07 [http-nio-4040-exec-9] INFO  o.s.web.servlet.DispatcherServlet - Completed initialization in 6 ms
2026-02-06 21:26:07 [http-nio-4040-exec-1] DEBUG c.c.w.WebSocketAuthInterceptor - WebSocket handshake attempt. URI: http://localhost:4040/ws/chat?token=eyJhbGciOiJIUzI1NiJ9.eyJzdWIiOiI2OTgzMzhmMzYyNDk5MjhlNjVhODA4NTgiLCJpYXQiOjE3NzAzNzczMDUsImV4cCI6MTc3MDQ2MzcwNX0.BF6WSASl6Y6rTOCei61z0Rl4dzpWQitqUn5t8fOYu4U, Query: token=eyJhbGciOiJIUzI1NiJ9.eyJzdWIiOiI2OTgzMzhmMzYyNDk5MjhlNjVhODA4NTgiLCJpYXQiOjE3NzAzNzczMDUsImV4cCI6MTc3MDQ2MzcwNX0.BF6WSASl6Y6rTOCei61z0Rl4dzpWQitqUn5t8fOYu4U
2026-02-06 21:26:07 [http-nio-4040-exec-1] INFO  c.c.w.WebSocketAuthInterceptor - WebSocket handshake successful for user: 698338f36249928e65a80858
2026-02-06 21:30:13 [SpringApplicationShutdownHook] INFO  o.s.b.w.e.tomcat.GracefulShutdown - Commencing graceful shutdown. Waiting for active requests to complete
2026-02-06 21:30:13 [tomcat-shutdown] INFO  o.s.b.w.e.tomcat.GracefulShutdown - Graceful shutdown complete
2026-02-06 21:30:13 [SpringApplicationShutdownHook] ERROR c.c.presence.PresenceService - Failed to mark user 698338f36249928e65a80858 as offline: state should be: open
2026-02-06 21:30:20 [background-preinit] INFO  o.h.validator.internal.util.Version - HV000001: Hibernate Validator 8.0.3.Final
2026-02-06 21:30:20 [main] INFO  c.c.ChatsphereBackendApplication - Starting ChatsphereBackendApplication using Java 25.0.1 with PID 14972 (D:\Project\ChatSphere\chatsphere-backend\target\classes started by hetpr in D:\Project\ChatSphere\chatsphere-backend)
2026-02-06 21:30:20 [main] DEBUG c.c.ChatsphereBackendApplication - Running with Spring Boot v3.5.10, Spring v6.2.15
2026-02-06 21:30:20 [main] INFO  c.c.ChatsphereBackendApplication - The following 1 profile is active: "dev"
2026-02-06 21:30:21 [main] INFO  o.s.d.r.c.RepositoryConfigurationDelegate - Bootstrapping Spring Data MongoDB repositories in DEFAULT mode.
2026-02-06 21:30:21 [main] INFO  o.s.d.r.c.RepositoryConfigurationDelegate - Finished Spring Data repository scanning in 53 ms. Found 3 MongoDB repository interfaces.
2026-02-06 21:30:22 [main] INFO  o.s.b.w.e.tomcat.TomcatWebServer - Tomcat initialized with port 4040 (http)
2026-02-06 21:30:22 [main] INFO  o.a.coyote.http11.Http11NioProtocol - Initializing ProtocolHandler ["http-nio-4040"]
2026-02-06 21:30:22 [main] INFO  o.a.catalina.core.StandardService - Starting service [Tomcat]
2026-02-06 21:30:22 [main] INFO  o.a.catalina.core.StandardEngine - Starting Servlet engine: [Apache Tomcat/10.1.50]
2026-02-06 21:30:22 [main] INFO  o.a.c.c.C.[Tomcat].[localhost].[/] - Initializing Spring embedded WebApplicationContext
2026-02-06 21:30:22 [main] INFO  o.s.b.w.s.c.ServletWebServerApplicationContext - Root WebApplicationContext: initialization completed in 1090 ms
2026-02-06 21:30:22 [main] DEBUG c.c.security.JwtAuthenticationFilter - Filter 'jwtAuthenticationFilter' configured for use
2026-02-06 21:30:22 [main] INFO  org.mongodb.driver.client - MongoClient with metadata {"driver": {"name": "mongo-java-driver|sync", "version": "5.5.2"}, "os": {"type": "Windows", "name": "Windows 11", "architecture": "amd64", "version": "10.0"}, "platform": "Java/Oracle Corporation/25.0.1+8-LTS-27"} created with settings MongoClientSettings{readPreference=primary, writeConcern=WriteConcern{w=null, wTimeout=null ms, journal=null}, retryWrites=true, retryReads=true, readConcern=ReadConcern{level=null}, credential=null, transportSettings=null, commandListeners=[], codecRegistry=ProvidersCodecRegistry{codecProviders=[ValueCodecProvider{}, BsonValueCodecProvider{}, DBRefCodecProvider{}, DBObjectCodecProvider{}, DocumentCodecProvider{}, CollectionCodecProvider{}, IterableCodecProvider{}, MapCodecProvider{}, GeoJsonCodecProvider{}, GridFSFileCodecProvider{}, Jsr310CodecProvider{}, JsonObjectCodecProvider{}, BsonCodecProvider{}, EnumCodecProvider{}, com.mongodb.client.model.mql.ExpressionCodecProvider@65be88ae, com.mongodb.Jep395RecordCodecProvider@62ade015, com.mongodb.KotlinCodecProvider@70ede57d]}, loggerSettings=LoggerSettings{maxDocumentLength=1000}, clusterSettings={hosts=[localhost:27017], srvServiceName=mongodb, mode=SINGLE, requiredClusterType=UNKNOWN, requiredReplicaSetName='null', serverSelector='null', clusterListeners='[]', serverSelectionTimeout='30000 ms', localThreshold='15 ms'}, socketSettings=SocketSettings{connectTimeoutMS=10000, readTimeoutMS=0, receiveBufferSize=0, proxySettings=ProxySettings{host=null, port=null, username=null, password=null}}, heartbeatSocketSettings=SocketSettings{connectTimeoutMS=10000, readTimeoutMS=10000, receiveBufferSize=0, proxySettings=ProxySettings{host=null, port=null, username=null, password=null}}, connectionPoolSettings=ConnectionPoolSettings{maxSize=100, minSize=0, maxWaitTimeMS=120000, maxConnectionLifeTimeMS=0, maxConnectionIdleTimeMS=0, maintenanceInitialDelayMS=0, maintenanceFrequencyMS=60000, connectionPoolListeners=[], maxConnecting=2}, serverSettings=ServerSettings{heartbeatFrequencyMS=10000, minHeartbeatFrequencyMS=500, serverMonitoringMode=AUTO, serverListeners='[]', serverMonitorListeners='[]'}, sslSettings=SslSettings{enabled=false, invalidHostNameAllowed=false, context=null}, applicationName='null', compressorList=[], uuidRepresentation=UNSPECIFIED, serverApi=null, autoEncryptionSettings=null, dnsClient=null, inetAddressResolver=null, contextProvider=null, timeoutMS=null}
2026-02-06 21:30:22 [cluster-ClusterId{value='698610162d312163b65c6017', description='null'}-localhost:27017] INFO  org.mongodb.driver.cluster - Monitor thread successfully connected to server with description ServerDescription{address=localhost:27017, type=STANDALONE, cryptd=false, state=CONNECTED, ok=true, minWireVersion=0, maxWireVersion=27, maxDocumentSize=16777216, logicalSessionTimeoutMinutes=30, roundTripTimeNanos=16513700, minRoundTripTimeNanos=0}
2026-02-06 21:30:22 [main] INFO  o.s.s.c.a.a.c.InitializeUserDetailsBeanManagerConfigurer$InitializeUserDetailsManagerConfigurer - Global AuthenticationManager configured with UserDetailsService bean with name customUserDetailsService
2026-02-06 21:30:23 [main] INFO  o.a.coyote.http11.Http11NioProtocol - Starting ProtocolHandler ["http-nio-4040"]
2026-02-06 21:30:23 [main] INFO  o.s.b.w.e.tomcat.TomcatWebServer - Tomcat started on port 4040 (http) with context path '/'
2026-02-06 21:30:23 [main] INFO  c.c.ChatsphereBackendApplication - Started ChatsphereBackendApplication in 2.698 seconds (process running for 2.978)
2026-02-06 21:30:34 [http-nio-4040-exec-1] INFO  o.a.c.c.C.[Tomcat].[localhost].[/] - Initializing Spring DispatcherServlet 'dispatcherServlet'
2026-02-06 21:30:34 [http-nio-4040-exec-1] INFO  o.s.web.servlet.DispatcherServlet - Initializing Servlet 'dispatcherServlet'
2026-02-06 21:30:34 [http-nio-4040-exec-1] INFO  o.s.web.servlet.DispatcherServlet - Completed initialization in 7 ms
2026-02-06 21:30:34 [http-nio-4040-exec-4] DEBUG c.c.w.WebSocketAuthInterceptor - WebSocket handshake attempt. URI: http://localhost:4040/ws/chat?token=eyJhbGciOiJIUzI1NiJ9.eyJzdWIiOiI2OTgzMzhmMzYyNDk5MjhlNjVhODA4NTgiLCJpYXQiOjE3NzAzNzczMDUsImV4cCI6MTc3MDQ2MzcwNX0.BF6WSASl6Y6rTOCei61z0Rl4dzpWQitqUn5t8fOYu4U, Query: token=eyJhbGciOiJIUzI1NiJ9.eyJzdWIiOiI2OTgzMzhmMzYyNDk5MjhlNjVhODA4NTgiLCJpYXQiOjE3NzAzNzczMDUsImV4cCI6MTc3MDQ2MzcwNX0.BF6WSASl6Y6rTOCei61z0Rl4dzpWQitqUn5t8fOYu4U
2026-02-06 21:30:34 [http-nio-4040-exec-4] INFO  c.c.w.WebSocketAuthInterceptor - WebSocket handshake successful for user: 698338f36249928e65a80858
2026-02-06 21:31:50 [SpringApplicationShutdownHook] INFO  o.s.b.w.e.tomcat.GracefulShutdown - Commencing graceful shutdown. Waiting for active requests to complete
2026-02-06 21:31:50 [tomcat-shutdown] INFO  o.s.b.w.e.tomcat.GracefulShutdown - Graceful shutdown complete
2026-02-06 21:31:50 [SpringApplicationShutdownHook] ERROR c.c.presence.PresenceService - Failed to mark user 698338f36249928e65a80858 as offline: state should be: open
2026-02-06 21:32:51 [background-preinit] INFO  o.h.validator.internal.util.Version - HV000001: Hibernate Validator 8.0.3.Final
2026-02-06 21:32:51 [main] INFO  c.c.ChatsphereBackendApplication - Starting ChatsphereBackendApplication using Java 25.0.1 with PID 22992 (D:\Project\ChatSphere\chatsphere-backend\target\classes started by hetpr in D:\Project\ChatSphere\chatsphere-backend)
2026-02-06 21:32:51 [main] DEBUG c.c.ChatsphereBackendApplication - Running with Spring Boot v3.5.10, Spring v6.2.15
2026-02-06 21:32:51 [main] INFO  c.c.ChatsphereBackendApplication - The following 1 profile is active: "dev"
2026-02-06 21:32:52 [main] INFO  o.s.d.r.c.RepositoryConfigurationDelegate - Bootstrapping Spring Data MongoDB repositories in DEFAULT mode.
2026-02-06 21:32:52 [main] INFO  o.s.d.r.c.RepositoryConfigurationDelegate - Finished Spring Data repository scanning in 54 ms. Found 3 MongoDB repository interfaces.
2026-02-06 21:32:52 [main] INFO  o.s.b.w.e.tomcat.TomcatWebServer - Tomcat initialized with port 4040 (http)
2026-02-06 21:32:52 [main] INFO  o.a.coyote.http11.Http11NioProtocol - Initializing ProtocolHandler ["http-nio-4040"]
2026-02-06 21:32:52 [main] INFO  o.a.catalina.core.StandardService - Starting service [Tomcat]
2026-02-06 21:32:52 [main] INFO  o.a.catalina.core.StandardEngine - Starting Servlet engine: [Apache Tomcat/10.1.50]
2026-02-06 21:32:52 [main] INFO  o.a.c.c.C.[Tomcat].[localhost].[/] - Initializing Spring embedded WebApplicationContext
2026-02-06 21:32:52 [main] INFO  o.s.b.w.s.c.ServletWebServerApplicationContext - Root WebApplicationContext: initialization completed in 1229 ms
2026-02-06 21:32:52 [main] DEBUG c.c.security.JwtAuthenticationFilter - Filter 'jwtAuthenticationFilter' configured for use
2026-02-06 21:32:53 [main] INFO  org.mongodb.driver.client - MongoClient with metadata {"driver": {"name": "mongo-java-driver|sync", "version": "5.5.2"}, "os": {"type": "Windows", "name": "Windows 11", "architecture": "amd64", "version": "10.0"}, "platform": "Java/Oracle Corporation/25.0.1+8-LTS-27"} created with settings MongoClientSettings{readPreference=primary, writeConcern=WriteConcern{w=null, wTimeout=null ms, journal=null}, retryWrites=true, retryReads=true, readConcern=ReadConcern{level=null}, credential=null, transportSettings=null, commandListeners=[], codecRegistry=ProvidersCodecRegistry{codecProviders=[ValueCodecProvider{}, BsonValueCodecProvider{}, DBRefCodecProvider{}, DBObjectCodecProvider{}, DocumentCodecProvider{}, CollectionCodecProvider{}, IterableCodecProvider{}, MapCodecProvider{}, GeoJsonCodecProvider{}, GridFSFileCodecProvider{}, Jsr310CodecProvider{}, JsonObjectCodecProvider{}, BsonCodecProvider{}, EnumCodecProvider{}, com.mongodb.client.model.mql.ExpressionCodecProvider@38588dea, com.mongodb.Jep395RecordCodecProvider@553d2579, com.mongodb.KotlinCodecProvider@2a8f6e6]}, loggerSettings=LoggerSettings{maxDocumentLength=1000}, clusterSettings={hosts=[localhost:27017], srvServiceName=mongodb, mode=SINGLE, requiredClusterType=UNKNOWN, requiredReplicaSetName='null', serverSelector='null', clusterListeners='[]', serverSelectionTimeout='30000 ms', localThreshold='15 ms'}, socketSettings=SocketSettings{connectTimeoutMS=10000, readTimeoutMS=0, receiveBufferSize=0, proxySettings=ProxySettings{host=null, port=null, username=null, password=null}}, heartbeatSocketSettings=SocketSettings{connectTimeoutMS=10000, readTimeoutMS=10000, receiveBufferSize=0, proxySettings=ProxySettings{host=null, port=null, username=null, password=null}}, connectionPoolSettings=ConnectionPoolSettings{maxSize=100, minSize=0, maxWaitTimeMS=120000, maxConnectionLifeTimeMS=0, maxConnectionIdleTimeMS=0, maintenanceInitialDelayMS=0, maintenanceFrequencyMS=60000, connectionPoolListeners=[], maxConnecting=2}, serverSettings=ServerSettings{heartbeatFrequencyMS=10000, minHeartbeatFrequencyMS=500, serverMonitoringMode=AUTO, serverListeners='[]', serverMonitorListeners='[]'}, sslSettings=SslSettings{enabled=false, invalidHostNameAllowed=false, context=null}, applicationName='null', compressorList=[], uuidRepresentation=UNSPECIFIED, serverApi=null, autoEncryptionSettings=null, dnsClient=null, inetAddressResolver=null, contextProvider=null, timeoutMS=null}
2026-02-06 21:32:53 [cluster-ClusterId{value='698610ad9e6ee785ccfb6dc7', description='null'}-localhost:27017] INFO  org.mongodb.driver.cluster - Monitor thread successfully connected to server with description ServerDescription{address=localhost:27017, type=STANDALONE, cryptd=false, state=CONNECTED, ok=true, minWireVersion=0, maxWireVersion=27, maxDocumentSize=16777216, logicalSessionTimeoutMinutes=30, roundTripTimeNanos=53249400, minRoundTripTimeNanos=0}
2026-02-06 21:32:53 [main] INFO  o.s.s.c.a.a.c.InitializeUserDetailsBeanManagerConfigurer$InitializeUserDetailsManagerConfigurer - Global AuthenticationManager configured with UserDetailsService bean with name customUserDetailsService
2026-02-06 21:32:53 [main] INFO  o.a.coyote.http11.Http11NioProtocol - Starting ProtocolHandler ["http-nio-4040"]
2026-02-06 21:32:53 [main] INFO  o.s.b.w.e.tomcat.TomcatWebServer - Tomcat started on port 4040 (http) with context path '/'
2026-02-06 21:32:53 [main] INFO  c.c.ChatsphereBackendApplication - Started ChatsphereBackendApplication in 2.862 seconds (process running for 3.176)
2026-02-06 21:34:52 [http-nio-4040-exec-4] INFO  o.a.c.c.C.[Tomcat].[localhost].[/] - Initializing Spring DispatcherServlet 'dispatcherServlet'
2026-02-06 21:34:52 [http-nio-4040-exec-4] INFO  o.s.web.servlet.DispatcherServlet - Initializing Servlet 'dispatcherServlet'
2026-02-06 21:34:52 [http-nio-4040-exec-4] INFO  o.s.web.servlet.DispatcherServlet - Completed initialization in 2 ms
2026-02-06 21:34:52 [http-nio-4040-exec-6] DEBUG c.c.w.WebSocketAuthInterceptor - WebSocket handshake attempt. URI: http://localhost:4040/ws/chat?token=eyJhbGciOiJIUzI1NiJ9.eyJzdWIiOiI2OTgzMzhmMzYyNDk5MjhlNjVhODA4NTgiLCJpYXQiOjE3NzAzNzczMDUsImV4cCI6MTc3MDQ2MzcwNX0.BF6WSASl6Y6rTOCei61z0Rl4dzpWQitqUn5t8fOYu4U, Query: token=eyJhbGciOiJIUzI1NiJ9.eyJzdWIiOiI2OTgzMzhmMzYyNDk5MjhlNjVhODA4NTgiLCJpYXQiOjE3NzAzNzczMDUsImV4cCI6MTc3MDQ2MzcwNX0.BF6WSASl6Y6rTOCei61z0Rl4dzpWQitqUn5t8fOYu4U
2026-02-06 21:34:52 [http-nio-4040-exec-6] INFO  c.c.w.WebSocketAuthInterceptor - WebSocket handshake successful for user: 698338f36249928e65a80858
2026-02-06 21:36:15 [SpringApplicationShutdownHook] INFO  o.s.b.w.e.tomcat.GracefulShutdown - Commencing graceful shutdown. Waiting for active requests to complete
2026-02-06 21:36:15 [tomcat-shutdown] INFO  o.s.b.w.e.tomcat.GracefulShutdown - Graceful shutdown complete
2026-02-06 21:36:15 [SpringApplicationShutdownHook] ERROR c.c.presence.PresenceService - Failed to mark user 698338f36249928e65a80858 as offline: state should be: open
2026-02-06 21:37:02 [background-preinit] INFO  o.h.validator.internal.util.Version - HV000001: Hibernate Validator 8.0.3.Final
2026-02-06 21:37:02 [main] INFO  c.c.ChatsphereBackendApplication - Starting ChatsphereBackendApplication using Java 25.0.1 with PID 31044 (D:\Project\ChatSphere\chatsphere-backend\target\classes started by hetpr in D:\Project\ChatSphere\chatsphere-backend)
2026-02-06 21:37:02 [main] DEBUG c.c.ChatsphereBackendApplication - Running with Spring Boot v3.5.10, Spring v6.2.15
2026-02-06 21:37:02 [main] INFO  c.c.ChatsphereBackendApplication - The following 1 profile is active: "dev"
2026-02-06 21:37:02 [main] INFO  o.s.d.r.c.RepositoryConfigurationDelegate - Bootstrapping Spring Data MongoDB repositories in DEFAULT mode.
2026-02-06 21:37:02 [main] INFO  o.s.d.r.c.RepositoryConfigurationDelegate - Finished Spring Data repository scanning in 65 ms. Found 3 MongoDB repository interfaces.
2026-02-06 21:37:03 [main] INFO  o.s.b.w.e.tomcat.TomcatWebServer - Tomcat initialized with port 4040 (http)
2026-02-06 21:37:03 [main] INFO  o.a.coyote.http11.Http11NioProtocol - Initializing ProtocolHandler ["http-nio-4040"]
2026-02-06 21:37:03 [main] INFO  o.a.catalina.core.StandardService - Starting service [Tomcat]
2026-02-06 21:37:03 [main] INFO  o.a.catalina.core.StandardEngine - Starting Servlet engine: [Apache Tomcat/10.1.50]
2026-02-06 21:37:03 [main] INFO  o.a.c.c.C.[Tomcat].[localhost].[/] - Initializing Spring embedded WebApplicationContext
2026-02-06 21:37:03 [main] INFO  o.s.b.w.s.c.ServletWebServerApplicationContext - Root WebApplicationContext: initialization completed in 1223 ms
2026-02-06 21:37:03 [main] DEBUG c.c.security.JwtAuthenticationFilter - Filter 'jwtAuthenticationFilter' configured for use
2026-02-06 21:37:03 [main] INFO  org.mongodb.driver.client - MongoClient with metadata {"driver": {"name": "mongo-java-driver|sync", "version": "5.5.2"}, "os": {"type": "Windows", "name": "Windows 11", "architecture": "amd64", "version": "10.0"}, "platform": "Java/Oracle Corporation/25.0.1+8-LTS-27"} created with settings MongoClientSettings{readPreference=primary, writeConcern=WriteConcern{w=null, wTimeout=null ms, journal=null}, retryWrites=true, retryReads=true, readConcern=ReadConcern{level=null}, credential=null, transportSettings=null, commandListeners=[], codecRegistry=ProvidersCodecRegistry{codecProviders=[ValueCodecProvider{}, BsonValueCodecProvider{}, DBRefCodecProvider{}, DBObjectCodecProvider{}, DocumentCodecProvider{}, CollectionCodecProvider{}, IterableCodecProvider{}, MapCodecProvider{}, GeoJsonCodecProvider{}, GridFSFileCodecProvider{}, Jsr310CodecProvider{}, JsonObjectCodecProvider{}, BsonCodecProvider{}, EnumCodecProvider{}, com.mongodb.client.model.mql.ExpressionCodecProvider@61f377d1, com.mongodb.Jep395RecordCodecProvider@6c538eb2, com.mongodb.KotlinCodecProvider@738a5848]}, loggerSettings=LoggerSettings{maxDocumentLength=1000}, clusterSettings={hosts=[localhost:27017], srvServiceName=mongodb, mode=SINGLE, requiredClusterType=UNKNOWN, requiredReplicaSetName='null', serverSelector='null', clusterListeners='[]', serverSelectionTimeout='30000 ms', localThreshold='15 ms'}, socketSettings=SocketSettings{connectTimeoutMS=10000, readTimeoutMS=0, receiveBufferSize=0, proxySettings=ProxySettings{host=null, port=null, username=null, password=null}}, heartbeatSocketSettings=SocketSettings{connectTimeoutMS=10000, readTimeoutMS=10000, receiveBufferSize=0, proxySettings=ProxySettings{host=null, port=null, username=null, password=null}}, connectionPoolSettings=ConnectionPoolSettings{maxSize=100, minSize=0, maxWaitTimeMS=120000, maxConnectionLifeTimeMS=0, maxConnectionIdleTimeMS=0, maintenanceInitialDelayMS=0, maintenanceFrequencyMS=60000, connectionPoolListeners=[], maxConnecting=2}, serverSettings=ServerSettings{heartbeatFrequencyMS=10000, minHeartbeatFrequencyMS=500, serverMonitoringMode=AUTO, serverListeners='[]', serverMonitorListeners='[]'}, sslSettings=SslSettings{enabled=false, invalidHostNameAllowed=false, context=null}, applicationName='null', compressorList=[], uuidRepresentation=UNSPECIFIED, serverApi=null, autoEncryptionSettings=null, dnsClient=null, inetAddressResolver=null, contextProvider=null, timeoutMS=null}
2026-02-06 21:37:03 [cluster-ClusterId{value='698611a7e799a3f2f02f9375', description='null'}-localhost:27017] INFO  org.mongodb.driver.cluster - Monitor thread successfully connected to server with description ServerDescription{address=localhost:27017, type=STANDALONE, cryptd=false, state=CONNECTED, ok=true, minWireVersion=0, maxWireVersion=27, maxDocumentSize=16777216, logicalSessionTimeoutMinutes=30, roundTripTimeNanos=19098100, minRoundTripTimeNanos=0}
2026-02-06 21:37:03 [main] INFO  o.s.s.c.a.a.c.InitializeUserDetailsBeanManagerConfigurer$InitializeUserDetailsManagerConfigurer - Global AuthenticationManager configured with UserDetailsService bean with name customUserDetailsService
2026-02-06 21:37:04 [main] INFO  o.a.coyote.http11.Http11NioProtocol - Starting ProtocolHandler ["http-nio-4040"]
2026-02-06 21:37:04 [main] INFO  o.s.b.w.e.tomcat.TomcatWebServer - Tomcat started on port 4040 (http) with context path '/'
2026-02-06 21:37:04 [main] INFO  c.c.ChatsphereBackendApplication - Started ChatsphereBackendApplication in 2.831 seconds (process running for 3.186)
2026-02-06 21:37:25 [http-nio-4040-exec-1] INFO  o.a.c.c.C.[Tomcat].[localhost].[/] - Initializing Spring DispatcherServlet 'dispatcherServlet'
2026-02-06 21:37:25 [http-nio-4040-exec-1] INFO  o.s.web.servlet.DispatcherServlet - Initializing Servlet 'dispatcherServlet'
2026-02-06 21:37:25 [http-nio-4040-exec-1] INFO  o.s.web.servlet.DispatcherServlet - Completed initialization in 7 ms
2026-02-06 21:37:26 [http-nio-4040-exec-3] DEBUG c.c.w.WebSocketAuthInterceptor - WebSocket handshake attempt. URI: http://localhost:4040/ws/chat?token=eyJhbGciOiJIUzI1NiJ9.eyJzdWIiOiI2OTgzMzhmMzYyNDk5MjhlNjVhODA4NTgiLCJpYXQiOjE3NzAzNzczMDUsImV4cCI6MTc3MDQ2MzcwNX0.BF6WSASl6Y6rTOCei61z0Rl4dzpWQitqUn5t8fOYu4U, Query: token=eyJhbGciOiJIUzI1NiJ9.eyJzdWIiOiI2OTgzMzhmMzYyNDk5MjhlNjVhODA4NTgiLCJpYXQiOjE3NzAzNzczMDUsImV4cCI6MTc3MDQ2MzcwNX0.BF6WSASl6Y6rTOCei61z0Rl4dzpWQitqUn5t8fOYu4U
2026-02-06 21:37:26 [http-nio-4040-exec-3] INFO  c.c.w.WebSocketAuthInterceptor - WebSocket handshake successful for user: 698338f36249928e65a80858
2026-02-06 21:39:15 [SpringApplicationShutdownHook] INFO  o.s.b.w.e.tomcat.GracefulShutdown - Commencing graceful shutdown. Waiting for active requests to complete
2026-02-06 21:39:15 [tomcat-shutdown] INFO  o.s.b.w.e.tomcat.GracefulShutdown - Graceful shutdown complete
2026-02-06 21:39:16 [SpringApplicationShutdownHook] ERROR c.c.presence.PresenceService - Failed to mark user 698338f36249928e65a80858 as offline: state should be: open
